Maintenance Order,Maintenance Name,Functional Location,Equipment Type,Order Type,Actuals Cost (AUD),Estimated Cost (AUD),Actual Hours,Estimated Hours
510023564,BI-12M-ELCM-THERMO-PSTNAB,ABBOTSFORD PUMP STATION,PUMP STATION..,Preventative Maintenance Order,1761.19,8314.65,1.500,48.000
510024506,BI-12M-EL-INSP-PSTNAB,ABBOTSFORD PUMP STATION,PUMP STATION..,Preventative Maintenance Order,7733.27,,44.000,
510024507,BI-12M-EL-CAL INST-PSTNAB,ABBOTSFORD PUMP STATION,PUMP STATION..,Preventative Maintenance Order,274.51,5666.05,1.250,26.000
510024520,BI-12M-ME-INSP-PSTNAB,ABBOTSFORD PUMP STATION,PUMP STATION..,Preventative Maintenance Order,1099.26,2944.77,8.750,17.000
530015645,High Winding/Bearing Temp AB PSTN,ABBOTSFORD PUMP STATION,PUMP STATION..,Corrective Maintenance Order,13934.58,,67.500,
510024467,AC-6M-EL-SVC-PSTNA,AWOONGA PUMP STATION,PUMP STATION..,Preventative Maintenance Order,700.57,7050.95,4.000,32.000
510024479,AC-12M-OP-INSP FIRE RISK-PSTNA,AWOONGA PUMP STATION,PUMP STATION..,Preventative Maintenance Order,350.28,350.28,2.000,2.000
520021542,AC-3M-SFTY-AUDIT PSTN-PSTNA,AWOONGA PUMP STATION,PUMP STATION..,Operations Order,158.19,314.79,1.000,2.000
520022889,AC-3M-SFTY-AUDIT PSTN-PSTNA,AWOONGA PUMP STATION,PUMP STATION..,Operations Order,175.15,316.40,1.000,2.000
510025252,MR-12M-ELCM-THERMO-PSTNB,BIBOOHRA PUMP STATION WB10,PUMP STATION..,Preventative Maintenance Order,597.22,1852.64,3.000,2.000
510025632,MR-12M-EL-INSP-PSTNB,BIBOOHRA PUMP STATION WB10,PUMP STATION..,Preventative Maintenance Order,398.14,1498.73,2.000,8.500
510025635,MR-12M-EL-TST RCD-PSTNB,BIBOOHRA PUMP STATION WB10,PUMP STATION..,Preventative Maintenance Order,99.54,352.64,0.500,2.000
510025638,MR-6M-ME-INSP-PSTNB,BIBOOHRA PUMP STATION WB10,PUMP STATION..,Preventative Maintenance Order,705.28,2997.47,4.000,17.000
520022692,MR-3M-SFTY-AUDIT PSTN-PSTNB,BIBOOHRA PUMP STATION WB10,PUMP STATION..,Operations Order,199.08,352.64,1.000,2.000
520022866,MR-1W-OP-INSP PSTN-WB10,BIBOOHRA PUMP STATION WB10,PUMP STATION..,Operations Order,,2644.83,,15.000
520022874,MR-1W-OP-INSP PSTN-WB10,BIBOOHRA PUMP STATION WB10,PUMP STATION..,Operations Order,,2644.83,,15.000
520022886,MR-1W-OP-INSP PSTN-WB10,BIBOOHRA PUMP STATION WB10,PUMP STATION..,Operations Order,,2644.83,,15.000
520023101,MR-1W-OP-INSP PSTN-WB10,BIBOOHRA PUMP STATION WB10,PUMP STATION..,Operations Order,,2644.83,,15.000
520023946,MR-1W-OP-INSP PSTN-WB10,BIBOOHRA PUMP STATION WB10,PUMP STATION..,Operations Order,79.65,2644.83,0.500,15.000
520023964,MR-1W-OP-INSP PSTN-WB10,BIBOOHRA PUMP STATION WB10,PUMP STATION..,Operations Order,119.45,2644.83,0.750,15.000
520023984,MR-1W-OP-INSP PSTN-WB10,BIBOOHRA PUMP STATION WB10,PUMP STATION..,Operations Order,119.45,2644.83,0.750,15.000
520024209,MR-1W-OP-INSP PSTN-WB10,BIBOOHRA PUMP STATION WB10,PUMP STATION..,Operations Order,119.45,2644.83,0.750,15.000
520024380,MR-1W-OP-INSP PSTN-WB10,BIBOOHRA PUMP STATION WB10,PUMP STATION..,Operations Order,238.90,2644.83,1.500,15.000
520024587,MR-1W-OP-INSP PSTN-WB10,BIBOOHRA PUMP STATION WB10,PUMP STATION..,Operations Order,119.45,2644.83,0.750,15.000
520024712,MR-1W-OP-INSP PSTN-WB10,BIBOOHRA PUMP STATION WB10,PUMP STATION..,Operations Order,119.45,2644.83,0.750,15.000
510023605,BL-1M-OP-INSP-PSTN1,BLACKWATER PUMP STATION NO 1,PUMP STATION..,Preventative Maintenance Order,593.23,525.43,3.000,3.000
510024021,BL-1M-OP-INSP-PSTN1,BLACKWATER PUMP STATION NO 1,PUMP STATION..,Preventative Maintenance Order,593.23,525.43,3.000,3.000
510024024,BL-12M-CO-ELCM-THERMO-PSTN1,BLACKWATER PUMP STATION NO 1,PUMP STATION..,Preventative Maintenance Order,1902.40,2740.16,0.000,15.000
510024567,BL-6M-ME-INSP-PSTN1,BLACKWATER PUMP STATION NO 1,PUMP STATION..,Preventative Maintenance Order,262.53,3745.80,0.000,17.000
510024572,BL-12M-OP-INSP FIRE RISK-PSTN1,BLACKWATER PUMP STATION NO 1,PUMP STATION..,Preventative Maintenance Order,790.96,350.28,4.000,2.000
510024577,BL-1M-OP-INSP-PSTN1,BLACKWATER PUMP STATION NO 1,PUMP STATION..,Preventative Maintenance Order,790.96,525.43,4.000,3.000
510025091,BL-1M-OP-INSP-PSTN1,BLACKWATER PUMP STATION NO 1,PUMP STATION..,Preventative Maintenance Order,197.75,525.43,1.000,3.000
510025467,BL-1M-OP-INSP-PSTN1,BLACKWATER PUMP STATION NO 1,PUMP STATION..,Preventative Maintenance Order,,525.43,,3.000
520022063,BL-3M-SFTY-AUDIT PSTN-PSTN1,BLACKWATER PUMP STATION NO 1,PUMP STATION..,Operations Order,593.23,350.28,3.000,2.000
520022627,BL-12M-BD-INSP-PSTN1,BLACKWATER PUMP STATION NO 1,PUMP STATION..,Operations Order,,350.28,,2.000
520023417,BL-3M-SFTY-AUDIT PSTN-PSTN1,BLACKWATER PUMP STATION NO 1,PUMP STATION..,Operations Order,197.75,350.28,1.000,2.000
510023606,BL-1M-OP-INSP-PSTN2,BLACKWATER PUMP STATION NO 2,PUMP STATION..,Preventative Maintenance Order,593.23,525.43,3.000,3.000
510023609,BL-12M-CO-RPLC FB ARR-PST2,BLACKWATER PUMP STATION NO 2,PUMP STATION..,Preventative Maintenance Order,860.50,350.28,3.000,2.000
510024022,BL-1M-OP-INSP-PSTN2,BLACKWATER PUMP STATION NO 2,PUMP STATION..,Preventative Maintenance Order,593.23,525.43,3.000,3.000
510024025,BL-12M-CO-ELCM-THERMO-PSTN2,BLACKWATER PUMP STATION NO 2,PUMP STATION..,Preventative Maintenance Order,1902.40,2627.16,0.000,15.000
510024568,BL-6M-ME-INSP-PSTN2,BLACKWATER PUMP STATION NO 2,PUMP STATION..,Preventative Maintenance Order,1067.03,1872.91,3.500,8.500
510024573,BL-12M-OP-INSP FIRE RISK-PSTN2,BLACKWATER PUMP STATION NO 2,PUMP STATION..,Preventative Maintenance Order,593.23,350.28,3.000,2.000
510024578,BL-1M-OP-INSP-PSTN2,BLACKWATER PUMP STATION NO 2,PUMP STATION..,Preventative Maintenance Order,395.48,525.43,2.000,3.000
510025092,BL-1M-OP-INSP-PSTN2,BLACKWATER PUMP STATION NO 2,PUMP STATION..,Preventative Maintenance Order,197.75,525.43,1.000,3.000
510025468,BL-1M-OP-INSP-PSTN2,BLACKWATER PUMP STATION NO 2,PUMP STATION..,Preventative Maintenance Order,,525.43,,3.000
520022064,BL-3M-SFTY-AUDIT PSTN-PSTN2,BLACKWATER PUMP STATION NO 2,PUMP STATION..,Operations Order,593.23,350.28,3.000,2.000
520022981,BL-12M-BD-INSP-PSTN2,BLACKWATER PUMP STATION NO 2,PUMP STATION..,Operations Order,790.96,350.28,4.000,2.000
520023418,BL-3M-SFTY-AUDIT PSTN-PSTN2,BLACKWATER PUMP STATION NO 2,PUMP STATION..,Operations Order,197.75,350.28,1.000,2.000
530023048,BL PSTN 2 - Start-up Sign and Siren,BLACKWATER PUMP STATION NO 2,PUMP STATION..,Corrective Maintenance Order,1076.00,2101.73,0.000,12.000
510023607,BL-1M-OP-INSP-PSTN3,BLACKWATER RIVER PUMP STATION,PUMP STATION..,Preventative Maintenance Order,593.23,525.43,3.000,3.000
510024023,BL-1M-OP-INSP-PSTN3,BLACKWATER RIVER PUMP STATION,PUMP STATION..,Preventative Maintenance Order,593.23,525.43,3.000,3.000
510024026,BL-12M-CO-ELCM-THERMO-PSTN3,BLACKWATER RIVER PUMP STATION,PUMP STATION..,Preventative Maintenance Order,1902.40,1751.45,0.000,10.000
510024574,BL-12M-OP-INSP FIRE RISK-PSTN3,BLACKWATER RIVER PUMP STATION,PUMP STATION..,Preventative Maintenance Order,593.23,350.28,3.000,2.000
510024579,BL-1M-OP-INSP-PSTN3,BLACKWATER RIVER PUMP STATION,PUMP STATION..,Preventative Maintenance Order,395.48,525.43,2.000,3.000
510025093,BL-1M-OP-INSP-PSTN3,BLACKWATER RIVER PUMP STATION,PUMP STATION..,Preventative Maintenance Order,197.75,525.43,1.000,3.000
510025094,BL-12M-BD-INSP-PSTN3,BLACKWATER RIVER PUMP STATION,PUMP STATION..,Preventative Maintenance Order,593.23,350.28,3.000,2.000
510025469,BL-1M-OP-INSP-PSTN3,BLACKWATER RIVER PUMP STATION,PUMP STATION..,Preventative Maintenance Order,,525.43,,3.000
520022062,BL-3M-SFTY-AUDIT PSTN-PSTN3,BLACKWATER RIVER PUMP STATION,PUMP STATION..,Operations Order,593.23,350.28,3.000,2.000
520023416,BL-3M-SFTY-AUDIT PSTN-PSTN3,BLACKWATER RIVER PUMP STATION,PUMP STATION..,Operations Order,197.75,350.28,1.000,2.000
510023483,AC-6M-EL-SVC-PSTNB,BOCOOLIMA PUMP STATION,PUMP STATION..,Preventative Maintenance Order,525.43,7050.95,3.000,32.000
510023487,AC-12M-EL-CAL INST-PSTNB,BOCOOLIMA PUMP STATION,PUMP STATION..,Preventative Maintenance Order,2037.50,2977.44,0.000,17.000
510024478,AC-12M-OP-INSP FIRE RISK-PSTNB,BOCOOLIMA PUMP STATION,PUMP STATION..,Preventative Maintenance Order,175.15,350.28,1.000,2.000
520021544,AC-3M-SFTY-AUDIT PSTN-PSTNB,BOCOOLIMA PUMP STATION,PUMP STATION..,Operations Order,158.19,2518.48,1.000,16.000
520022891,AC-3M-SFTY-AUDIT PSTN-PSTNB,BOCOOLIMA PUMP STATION,PUMP STATION..,Operations Order,175.15,2531.11,1.000,16.000
510023034,TR-3M-MECM-LU-PSTNB,BOONDOOMA PUMP STATION,PUMP STATION..,Preventative Maintenance Order,,533.67,,3.000
510023037,TR-12M-ME-INSP-PSTNB,BOONDOOMA PUMP STATION,PUMP STATION..,Preventative Maintenance Order,11439.36,5779.72,40.750,18.000
510024389,TR-3M-MECM-LU-PSTNB,BOONDOOMA PUMP STATION,PUMP STATION..,Preventative Maintenance Order,,516.13,,3.000
510024867,TR-12M-OP-INSP FIRE RISK-PSTNB,BOONDOOMA PUMP STATION,PUMP STATION..,Preventative Maintenance Order,194.25,688.17,1.000,4.000
510025758,TR-3M-MECM-LU-PSTNB,BOONDOOMA PUMP STATION,PUMP STATION..,Preventative Maintenance Order,1978.51,1032.24,11.500,6.000
520022482,TR-3M-SFTY-AUDIT PSTN-PSTNB,BOONDOOMA PUMP STATION,PUMP STATION..,Operations Order,172.05,688.17,1.000,4.000
520023573,TR-3M-SFTY-AUDIT PSTN-PSTNB,BOONDOOMA PUMP STATION,PUMP STATION..,Operations Order,48.58,1032.24,0.250,6.000
510023509,BI-3M-ME-INSP-PSTNBC,BUCCA PUMP STATION,PUMP STATION..,Preventative Maintenance Order,909.42,1385.77,5.250,8.000
510023520,BI-12M-EL-INSP-PSTNBC,BUCCA PUMP STATION,PUMP STATION..,Preventative Maintenance Order,2021.83,5557.06,14.500,25.500
510023528,BI-12M-EL-CAL INST-PSTNBC,BUCCA PUMP STATION,PUMP STATION..,Preventative Maintenance Order,866.11,2833.02,5.000,13.000
510025010,BI-12M-ME-INSP-PSTNBC,BUCCA PUMP STATION,PUMP STATION..,Preventative Maintenance Order,2251.88,2078.67,13.000,12.000
530021747,Bucca pump station lights,BUCCA PUMP STATION,PUMP STATION..,Corrective Maintenance Order,1260.27,1441.81,16.750,8.000
510023513,BI-3M-ME-INSP-PSTNBY,BULLYARD PUMP STATION,PUMP STATION..,Preventative Maintenance Order,1472.38,2078.67,8.500,12.000
510023521,BI-12M-EL-INSP-PSTNBY,BULLYARD PUMP STATION,PUMP STATION..,Preventative Maintenance Order,5324.39,8834.32,33.000,51.000
510023529,BI-12M-EL-CAL INST-PSTNBY,BULLYARD PUMP STATION,PUMP STATION..,Preventative Maintenance Order,756.78,3704.69,5.500,17.000
510025015,BI-3M-ME-INSP-PSTNBY,BULLYARD PUMP STATION,PUMP STATION..,Preventative Maintenance Order,2251.88,2078.67,13.000,12.000
510023246,BM-1M-OP-INSP-PSTNGW(JUN),BURDEKIN MORANBAH PSTN 1 (GORGE WEIR),PUMP STATION..,Preventative Maintenance Order,1259.23,1189.26,8.000,7.000
510023610,BM-1M-OP-INSP-PSTNGW(JUL),BURDEKIN MORANBAH PSTN 1 (GORGE WEIR),PUMP STATION..,Preventative Maintenance Order,700.57,1192.11,4.000,7.000
510024030,BM-1M-OP-INSP-PSTNGW(AUG),BURDEKIN MORANBAH PSTN 1 (GORGE WEIR),PUMP STATION..,Preventative Maintenance Order,2642.61,1192.11,13.750,7.000
510024586,BM-1M-OP-INSP-PSTNGW(SEP),BURDEKIN MORANBAH PSTN 1 (GORGE WEIR),PUMP STATION..,Preventative Maintenance Order,790.96,1192.11,5.000,7.000
510024600,BM-12M-OP-INSP FIRE RISK-PSTNGW(SEP)*,BURDEKIN MORANBAH PSTN 1 (GORGE WEIR),PUMP STATION..,Preventative Maintenance Order,316.40,316.40,2.000,2.000
510025097,BM-1M-OP-INSP-PSTNGW(OCT),BURDEKIN MORANBAH PSTN 1 (GORGE WEIR),PUMP STATION..,Preventative Maintenance Order,4024.55,1192.11,8.000,7.000
510025472,BM-1M-OP-INSP-PSTNGW(NOV),BURDEKIN MORANBAH PSTN 1 (GORGE WEIR),PUMP STATION..,Preventative Maintenance Order,700.57,1192.11,4.000,7.000
520021626,BM-3M-SFTY-AUDIT PSTN-PSTNGW(JUN),BURDEKIN MORANBAH PSTN 1 (GORGE WEIR),PUMP STATION..,Operations Order,944.42,314.79,6.000,2.000
520022985,BM-3M-SFTY-AUDIT PSTN-PSTNGW(SEP),BURDEKIN MORANBAH PSTN 1 (GORGE WEIR),PUMP STATION..,Operations Order,316.40,316.40,2.000,2.000
510023247,BM-1M-OP-INSP-PSTNBV(JUN),BURDEKIN MORANBAH PSTN 2 (BLUE VALLEY),PUMP STATION..,Preventative Maintenance Order,1399.14,2780.82,8.000,16.000
510023611,BM-1M-OP-INSP-PSTNBV(JUL),BURDEKIN MORANBAH PSTN 2 (BLUE VALLEY),PUMP STATION..,Preventative Maintenance Order,6149.81,2785.35,35.500,16.000
510024031,BM-1M-OP-INSP-PSTNBV(AUG),BURDEKIN MORANBAH PSTN 2 (BLUE VALLEY),PUMP STATION..,Preventative Maintenance Order,3268.53,2785.35,18.500,16.000
510024587,BM-1M-OP-INSP-PSTNBV(SEP),BURDEKIN MORANBAH PSTN 2 (BLUE VALLEY),PUMP STATION..,Preventative Maintenance Order,,2785.35,,16.000
510024597,BM-12M-OP-INSP FIRE RISK-PSTNBV(SEP)*,BURDEKIN MORANBAH PSTN 2 (BLUE VALLEY),PUMP STATION..,Preventative Maintenance Order,316.40,316.40,2.000,2.000
510025098,BM-1M-OP-INSP-PSTNBV(OCT),BURDEKIN MORANBAH PSTN 2 (BLUE VALLEY),PUMP STATION..,Preventative Maintenance Order,2666.71,2785.35,16.000,16.000
510025113,BM-3Y-OP-REPLACE EYEWASH-PSTNBV(OCT),BURDEKIN MORANBAH PSTN 2 (BLUE VALLEY),PUMP STATION..,Preventative Maintenance Order,643.20,175.15,0.000,1.000
510025473,BM-1M-OP-INSP-PSTNBV(NOV),BURDEKIN MORANBAH PSTN 2 (BLUE VALLEY),PUMP STATION..,Preventative Maintenance Order,2666.71,2785.35,16.000,16.000
520021627,BM-3M-SFTY-AUDIT PSTN-PSTNBV(JUN),BURDEKIN MORANBAH PSTN 2 (BLUE VALLEY),PUMP STATION..,Operations Order,314.79,314.79,2.000,2.000
520022986,BM-3M-SFTY-AUDIT PSTN-PSTNBV(SEP),BURDEKIN MORANBAH PSTN 2 (BLUE VALLEY),PUMP STATION..,Operations Order,158.19,316.40,1.000,2.000
510023248,BM-1M-OP-INSP-PSTNH(JUN),BURDEKIN MORANBAH PSTN 3 (HAVILAH),PUMP STATION..,Preventative Maintenance Order,699.57,2780.82,4.000,16.000
510023612,BM-1M-OP-INSP-PSTNH(JUL),BURDEKIN MORANBAH PSTN 3 (HAVILAH),PUMP STATION..,Preventative Maintenance Order,6198.15,2785.35,35.500,16.000
510024032,BM-1M-OP-INSP-PSTNH(AUG),BURDEKIN MORANBAH PSTN 3 (HAVILAH),PUMP STATION..,Preventative Maintenance Order,2831.25,2785.35,16.000,16.000
510024588,BM-1M-OP-INSP-PSTNH(SEP),BURDEKIN MORANBAH PSTN 3 (HAVILAH),PUMP STATION..,Preventative Maintenance Order,,2785.35,,16.000
510024598,BM-12M-OP-INSP FIRE RISK-PSTNH(SEP)*,BURDEKIN MORANBAH PSTN 3 (HAVILAH),PUMP STATION..,Preventative Maintenance Order,316.40,316.40,2.000,2.000
510025099,BM-1M-OP-INSP-PSTNH(OCT),BURDEKIN MORANBAH PSTN 3 (HAVILAH),PUMP STATION..,Preventative Maintenance Order,2666.71,2785.35,16.000,16.000
510025114,BM-3Y-OP-REPLACE EYEWASH-PSTNH(OCT),BURDEKIN MORANBAH PSTN 3 (HAVILAH),PUMP STATION..,Preventative Maintenance Order,643.20,175.15,0.000,1.000
510025474,BM-1M-OP-INSP-PSTNH(NOV),BURDEKIN MORANBAH PSTN 3 (HAVILAH),PUMP STATION..,Preventative Maintenance Order,2350.32,2785.35,14.000,16.000
520021628,BM-3M-SFTY-AUDIT PSTN-PSTNH(JUN),BURDEKIN MORANBAH PSTN 3 (HAVILAH),PUMP STATION..,Operations Order,699.57,314.79,4.000,2.000
520022987,BM-3M-SFTY-AUDIT PSTN-PSTNH(SEP),BURDEKIN MORANBAH PSTN 3 (HAVILAH),PUMP STATION..,Operations Order,474.58,316.40,3.000,2.000
510023249,BM-1M-OP-INSP-PSTNC(JUN),BURDEKIN MORANBAH PSTN 4 (CERITO),PUMP STATION..,Preventative Maintenance Order,699.57,2081.25,4.000,12.000
510023613,BM-1M-OP-INSP-PSTNC(JUL),BURDEKIN MORANBAH PSTN 4 (CERITO),PUMP STATION..,Preventative Maintenance Order,3320.66,2084.77,19.000,12.000
510024033,BM-1M-OP-INSP-PSTNC(AUG),BURDEKIN MORANBAH PSTN 4 (CERITO),PUMP STATION..,Preventative Maintenance Order,1401.15,2084.77,8.000,12.000
510024589,BM-1M-OP-INSP-PSTNC(SEP),BURDEKIN MORANBAH PSTN 4 (CERITO),PUMP STATION..,Preventative Maintenance Order,1488.72,2084.77,8.500,12.000
510024599,BM-12M-OP-INSP FIRE RISK-PSTNC(SEP)*,BURDEKIN MORANBAH PSTN 4 (CERITO),PUMP STATION..,Preventative Maintenance Order,316.40,316.40,2.000,2.000
510025100,BM-1M-OP-INSP-PSTNC(OCT),BURDEKIN MORANBAH PSTN 4 (CERITO),PUMP STATION..,Preventative Maintenance Order,2666.71,2084.77,16.000,12.000
510025115,BM-3Y-OP-REPLACE EYEWASH-PSTNC(OCT),BURDEKIN MORANBAH PSTN 4 (CERITO),PUMP STATION..,Preventative Maintenance Order,643.20,175.15,0.000,1.000
510025475,BM-1M-OP-INSP-PSTNC(NOV),BURDEKIN MORANBAH PSTN 4 (CERITO),PUMP STATION..,Preventative Maintenance Order,1401.15,2084.77,8.000,12.000
520021629,BM-3M-SFTY-AUDIT PSTN-PSTNC(JUN),BURDEKIN MORANBAH PSTN 4 (CERITO),PUMP STATION..,Operations Order,708.25,314.79,4.000,2.000
520022988,BM-3M-SFTY-AUDIT PSTN-PSTNC(SEP),BURDEKIN MORANBAH PSTN 4 (CERITO),PUMP STATION..,Operations Order,316.40,316.40,2.000,2.000
530024008,Inv/Rep Dosing Pump Fault DTW,CHLORINATION PUMP,PUMPS/PUMPING EQUIP,Corrective Maintenance Order,,2076.29,,12.000
510023201,BK-12M-EL-TST PROT-CLAR PSTNA,CLARE A PUMP STATION,PUMP STATION..,Preventative Maintenance Order,2403.37,720.91,3.000,4.000
510023581,BK-1M-ME-INSP-PSTNCA,CLARE A PUMP STATION,PUMP STATION..,Preventative Maintenance Order,467.54,881.61,3.500,5.000
510023591,BK-12M-EL-SVC-CLAR PSTNA,CLARE A PUMP STATION,PUMP STATION..,Preventative Maintenance Order,8110.26,,45.000,
510023982,BK-1M-ME-INSP-PSTNCA,CLARE A PUMP STATION,PUMP STATION..,Preventative Maintenance Order,429.24,1057.91,3.000,6.000
510023985,BK-6M-EL-TST&TAG-PSTNA,CLARE A PUMP STATION,PUMP STATION..,Preventative Maintenance Order,510.00,7098.37,0.000,32.000
510024544,BK-1M-ME-INSP-PSTNCA,CLARE A PUMP STATION,PUMP STATION..,Preventative Maintenance Order,573.06,1057.91,3.250,6.000
510025062,BK-1M-ME-INSP-PSTNCA,CLARE A PUMP STATION,PUMP STATION..,Preventative Maintenance Order,617.13,2115.87,3.500,12.000
510025449,BK-1M-ME-INSP-PSTNCA,CLARE A PUMP STATION,PUMP STATION..,Preventative Maintenance Order,662.64,1057.91,3.500,6.000
510025941,BK-1M-ME-INSP-PSTNCA,CLARE A PUMP STATION,PUMP STATION..,Preventative Maintenance Order,124.00,1057.91,2.000,6.000
520022047,BK-3M-SFTY-AUDIT PSTN-PSTNCA,CLARE A PUMP STATION,PUMP STATION..,Operations Order,159.25,318.53,1.000,2.000
520023404,BK-3M-SFTY-AUDIT PSTN-PSTNCA,CLARE A PUMP STATION,PUMP STATION..,Operations Order,,318.53,,2.000
530021744,CLARE A PU 2 REQ CABLE COVER,CLARE A PUMP STATION,PUMP STATION..,Corrective Maintenance Order,2410.00,2410.00,0.000,0.000
510023202,BK-12M-EL-TST PROT-CLAR PSTNB,CLARE B PUMP STATION,PUMP STATION..,Preventative Maintenance Order,1862.70,360.47,0.000,2.000
510023566,BK-1M-ME-INSP-PSTNCB,CLARE B PUMP STATION,PUMP STATION..,Preventative Maintenance Order,620.72,1234.25,5.500,7.000
510023592,BK-12M-EL-SVC-CLAR PSTNB,CLARE B PUMP STATION,PUMP STATION..,Preventative Maintenance Order,3244.09,,18.000,
510023970,BK-1M-ME-INSP-PSTNCB,CLARE B PUMP STATION,PUMP STATION..,Preventative Maintenance Order,544.13,1057.91,4.500,6.000
510024532,BK-1M-ME-INSP-PSTNCB,CLARE B PUMP STATION,PUMP STATION..,Preventative Maintenance Order,484.89,775.82,2.750,4.400
510025050,BK-1M-ME-INSP-PSTNCB,CLARE B PUMP STATION,PUMP STATION..,Preventative Maintenance Order,617.13,1551.63,3.500,8.800
510025435,BK-1M-ME-INSP-PSTNCB,CLARE B PUMP STATION,PUMP STATION..,Preventative Maintenance Order,1436.17,775.82,7.500,4.400
510025929,BK-1M-ME-INSP-PSTNCB,CLARE B PUMP STATION,PUMP STATION..,Preventative Maintenance Order,124.00,775.82,2.000,4.400
520022048,BK-3M-SFTY-AUDIT PSTN-PSTNCB,CLARE B PUMP STATION,PUMP STATION..,Operations Order,159.25,318.53,1.000,2.000
520023405,BK-3M-SFTY-AUDIT PSTN-PSTNCB,CLARE B PUMP STATION,PUMP STATION..,Operations Order,,318.53,,2.000
510023567,BK-1M-ME-INSP-PSTNCR,CLARE RELIFT PUMP STATION BMC 9000M,PUMP STATION..,Preventative Maintenance Order,682.14,705.28,5.000,4.000
510023593,BK-12M-EL-SVC-CLAR PSTNR,CLARE RELIFT PUMP STATION BMC 9000M,PUMP STATION..,Preventative Maintenance Order,4765.46,,19.750,
510023971,BK-1M-ME-INSP-PSTNCR,CLARE RELIFT PUMP STATION BMC 9000M,PUMP STATION..,Preventative Maintenance Order,467.54,705.28,3.500,4.000
510024533,BK-1M-ME-INSP-PSTNCR,CLARE RELIFT PUMP STATION BMC 9000M,PUMP STATION..,Preventative Maintenance Order,220.41,352.64,1.250,2.000
510025051,BK-1M-ME-INSP-PSTNCR,CLARE RELIFT PUMP STATION BMC 9000M,PUMP STATION..,Preventative Maintenance Order,617.13,705.28,3.500,4.000
510025436,BK-1M-ME-INSP-PSTNCR,CLARE RELIFT PUMP STATION BMC 9000M,PUMP STATION..,Preventative Maintenance Order,662.64,352.64,3.500,2.000
510025930,BK-1M-ME-INSP-PSTNCR,CLARE RELIFT PUMP STATION BMC 9000M,PUMP STATION..,Preventative Maintenance Order,124.00,352.64,2.000,2.000
530021998,CLARE RELIFT REPAIRS FROM 12MTH PM,CLARE RELIFT PUMP STATION BMC 9000M,PUMP STATION..,Corrective Maintenance Order,8105.47,1531.95,8.250,8.500
510023380,CC-1M-OP-INSP-PSTN,CLONCURRY PUMP STATION,PUMP STATION..,Preventative Maintenance Order,4350.73,2846.31,15.500,16.000
510023794,CC-1M-OP-INSP-PSTN,CLONCURRY PUMP STATION,PUMP STATION..,Preventative Maintenance Order,2016.98,700.57,11.000,4.000
510024243,CC-1M-OP-INSP-PSTN,CLONCURRY PUMP STATION,PUMP STATION..,Preventative Maintenance Order,4590.49,3502.87,25.000,20.000
510024781,CC-12M-OP-INSP FIRE RISK-PSTN,CLONCURRY PUMP STATION,PUMP STATION..,Preventative Maintenance Order,175.15,350.28,1.000,2.000
510024784,CC-1M-OP-INSP-PSTN,CLONCURRY PUMP STATION,PUMP STATION..,Preventative Maintenance Order,3672.68,2802.30,14.750,16.000
510025265,CC-1M-OP-INSP-PSTN,CLONCURRY PUMP STATION,PUMP STATION..,Preventative Maintenance Order,2001.80,350.28,10.000,2.000
510025664,CC-1M-OP-INSP-PSTN,CLONCURRY PUMP STATION,PUMP STATION..,Preventative Maintenance Order,5808.81,3502.87,34.000,20.000
520017841,CC-1Y-BD-INSP PEST-PSTN,CLONCURRY PUMP STATION,PUMP STATION..,Operations Order,2136.36,349.80,0.000,2.000
520022316,CC-3M-SFTY-AUDIT PSTN-PSTN,CLONCURRY PUMP STATION,PUMP STATION..,Operations Order,175.15,350.28,1.000,2.000
520023507,CC-3M-SFTY-AUDIT PSTN-PSTN,CLONCURRY PUMP STATION,PUMP STATION..,Operations Order,402.54,350.28,1.250,2.000
510023314,CO-1M-ME-INSP-PSTNHL(JUN),COLLINSVILLE HIGH LIFT STATION,PUMP STATION..,Preventative Maintenance Order,699.57,3497.88,4.000,20.000
510023674,CO-1M-ME-INSP-PSTNHL(JUL),COLLINSVILLE HIGH LIFT STATION,PUMP STATION..,Preventative Maintenance Order,1926.59,3502.87,11.000,20.000
510024120,CO-1M-ME-INSP-PSTNHL(AUG),COLLINSVILLE HIGH LIFT STATION,PUMP STATION..,Preventative Maintenance Order,700.57,3502.87,4.000,20.000
510024126,CO-6M-MECM-VA-PSTNHL(AUG),COLLINSVILLE HIGH LIFT STATION,PUMP STATION..,Preventative Maintenance Order,,525.43,,3.000
510024654,CO-1M-ME-INSP-PSTNHL(SEP),COLLINSVILLE HIGH LIFT STATION,PUMP STATION..,Preventative Maintenance Order,788.16,3502.87,4.500,20.000
510024659,CO-6M-EL-TST CMB-PSTNHL(SEP)*,COLLINSVILLE HIGH LIFT STATION,PUMP STATION..,Preventative Maintenance Order,227.83,1175.15,1.000,7.000
510024660,CO-12M-EL-TST RCD-PSTNHL(SEP)*,COLLINSVILLE HIGH LIFT STATION,PUMP STATION..,Preventative Maintenance Order,175.15,1401.15,1.000,8.000
510024661,CO-12M-OP-INSP FIRE RISK-PSTNLL(SEP)*,COLLINSVILLE HIGH LIFT STATION,PUMP STATION..,Preventative Maintenance Order,175.15,316.40,1.000,2.000
510024673,CO-2Y-EL-INSP-PSTNHL(SEP),COLLINSVILLE HIGH LIFT STATION,PUMP STATION..,Preventative Maintenance Order,1050.84,1751.45,6.000,10.000
510025159,CO-1M-ME-INSP-PSTNHL(OCT),COLLINSVILLE HIGH LIFT STATION,PUMP STATION..,Preventative Maintenance Order,1333.33,3502.87,8.000,20.000
510025165,CO-3Y-OP-REPLACE EYEWASH-PSTNHL(OCT),COLLINSVILLE HIGH LIFT STATION,PUMP STATION..,Preventative Maintenance Order,643.20,175.15,0.000,1.000
510025549,CO-1M-ME-INSP-PSTNHL(NOV),COLLINSVILLE HIGH LIFT STATION,PUMP STATION..,Preventative Maintenance Order,873.58,3502.87,5.000,20.000
520022164,CO-3M-SFTY-AUDIT PSTN-PSTNHL(JUL),COLLINSVILLE HIGH LIFT STATION,PUMP STATION..,Operations Order,1028.25,350.28,6.000,2.000
520023450,CO-3M-SFTY-AUDIT PSTN-PSTNHL(OCT),COLLINSVILLE HIGH LIFT STATION,PUMP STATION..,Operations Order,1333.33,350.28,8.000,2.000
510023315,CO-1M-ME-INSP-PSTNLL(JUN),COLLINSVILLE LOW LIFT STATION,PUMP STATION..,Preventative Maintenance Order,2658.39,3148.08,16.000,18.000
510023675,CO-1M-ME-INSP-PSTNLL(JUL),COLLINSVILLE LOW LIFT STATION,PUMP STATION..,Preventative Maintenance Order,2802.30,3152.58,16.000,18.000
510024121,CO-1M-ME-INSP-PSTNLL(AUG),COLLINSVILLE LOW LIFT STATION,PUMP STATION..,Preventative Maintenance Order,2802.30,3152.58,16.000,18.000
510024127,CO-6M-MECM-VA-PSTNLL(AUG),COLLINSVILLE LOW LIFT STATION,PUMP STATION..,Preventative Maintenance Order,,525.43,,3.000
510024655,CO-1M-ME-INSP-PSTNLL(SEP),COLLINSVILLE LOW LIFT STATION,PUMP STATION..,Preventative Maintenance Order,1313.58,3152.58,7.500,18.000
510024663,CO-12M-OP-INSP FIRE RISK-PSTNHL(SEP)*,COLLINSVILLE LOW LIFT STATION,PUMP STATION..,Preventative Maintenance Order,350.28,316.40,2.000,2.000
510024668,CO-6M-EL-TST CMB-PSTNLL(SEP)*,COLLINSVILLE LOW LIFT STATION,PUMP STATION..,Preventative Maintenance Order,525.43,1401.15,3.000,8.000
510024669,CO-12M-EL-TST RCD-PSTNLL(SEP)*,COLLINSVILLE LOW LIFT STATION,PUMP STATION..,Preventative Maintenance Order,350.28,1401.15,2.000,8.000
510024672,CO-2Y-EL-INSP-PSTNLL(SEP),COLLINSVILLE LOW LIFT STATION,PUMP STATION..,Preventative Maintenance Order,1013.85,1751.45,5.000,10.000
510025160,CO-1M-ME-INSP-PSTNLL(OCT),COLLINSVILLE LOW LIFT STATION,PUMP STATION..,Preventative Maintenance Order,1333.33,3152.58,8.000,18.000
510025550,CO-1M-ME-INSP-PSTNLL(NOV),COLLINSVILLE LOW LIFT STATION,PUMP STATION..,Preventative Maintenance Order,1000.01,3152.58,6.000,18.000
520022163,CO-3M-SFTY-AUDIT PSTN-PSTNLL(JUL),COLLINSVILLE LOW LIFT STATION,PUMP STATION..,Operations Order,1127.13,316.40,6.500,2.000
520023449,CO-3M-SFTY-AUDIT PSTN-PSTNLL(OCT),COLLINSVILLE LOW LIFT STATION,PUMP STATION..,Operations Order,1333.33,316.40,8.000,2.000
530018157,000125 rplc top entrance door light LL,COLLINSVILLE LOW LIFT STATION,PUMP STATION..,Corrective Maintenance Order,735.66,1399.14,4.000,8.000
520022935,BK-12M-TREATMENT OF PESTS PSTNA,CONCRETE STRUCTURE,PUMP WELL,Operations Order,187.00,352.64,0.000,2.000
520022937,BK-12M-BD-INSP PEST-PSTNDA,CONCRETE STRUCTURE,PUMP WELL,Operations Order,99.00,1410.57,0.000,8.000
530021661,Copenhagen storage float faulty,COPENHAGEN BEND PUMP STATION,PUMP STATION..,Corrective Maintenance Order,,2162.75,,12.000
510023205,BK-12M-EL-TST PROT-DALB PSTNA,DALBEG A PUMP STATION,PUMP STATION..,Preventative Maintenance Order,1862.70,360.47,0.000,2.000
510023565,BK-1M-ME-INSP-PSTNDA,DALBEG A PUMP STATION,PUMP STATION..,Preventative Maintenance Order,670.54,881.61,5.500,5.000
510023969,BK-1M-ME-INSP-PSTNDA,DALBEG A PUMP STATION,PUMP STATION..,Preventative Maintenance Order,398.14,1057.91,2.000,6.000
510024003,BK-12M-EL-SVC-DALB PSTNA,DALBEG A PUMP STATION,PUMP STATION..,Preventative Maintenance Order,1642.36,5642.31,8.250,32.000
510024531,BK-1M-ME-INSP-PSTNDA,DALBEG A PUMP STATION,PUMP STATION..,Preventative Maintenance Order,1221.32,1410.57,8.750,8.000
510025049,BK-1M-ME-INSP-PSTNDA,DALBEG A PUMP STATION,PUMP STATION..,Preventative Maintenance Order,922.71,1057.91,7.250,6.000
510025434,BK-1M-ME-INSP-PSTNDA,DALBEG A PUMP STATION,PUMP STATION..,Preventative Maintenance Order,865.30,3526.43,6.500,20.000
510025928,BK-1M-ME-INSP-PSTNDA,DALBEG A PUMP STATION,PUMP STATION..,Preventative Maintenance Order,266.79,3526.43,6.000,20.000
510026151,BK-12M-EL-SVC-DALB PSTNA,DALBEG A PUMP STATION,PUMP STATION..,Preventative Maintenance Order,7625.93,5642.31,43.250,32.000
520022052,BK-3M-SFTY-AUDIT PSTN-PSTNDA,DALBEG A PUMP STATION,PUMP STATION..,Operations Order,159.25,318.53,1.000,2.000
520023409,BK-3M-SFTY-AUDIT PSTN-PSTNDA,DALBEG A PUMP STATION,PUMP STATION..,Operations Order,,318.53,,2.000
530019690,DALBEG A LIGHTING ISSUES,DALBEG A PUMP STATION,PUMP STATION..,Corrective Maintenance Order,987.75,354.47,0.000,2.000
530021025,DA Pump Station - Faulty Indicator lamps,DALBEG A PUMP STATION,PUMP STATION..,Corrective Maintenance Order,495.62,720.91,2.500,4.000
510023206,BK-12M-EL-TST PROT-DALB PSTNB,DALBEG B PUMP STATION,PUMP STATION..,Preventative Maintenance Order,1862.70,360.47,0.000,2.000
510023574,BK-1M-ME-INSP-PSTNDB,DALBEG B PUMP STATION,PUMP STATION..,Preventative Maintenance Order,505.83,1410.57,4.000,8.000
510023978,BK-1M-ME-INSP-PSTNDB,DALBEG B PUMP STATION,PUMP STATION..,Preventative Maintenance Order,248.87,1410.57,1.250,8.000
510024004,BK-12M-EL-SVC-DALB PSTNB,DALBEG B PUMP STATION,PUMP STATION..,Preventative Maintenance Order,846.07,2997.47,4.250,17.000
510024540,BK-1M-ME-INSP-PSTNDB,DALBEG B PUMP STATION,PUMP STATION..,Preventative Maintenance Order,551.32,1410.57,4.000,8.000
510025058,BK-1M-ME-INSP-PSTNDB,DALBEG B PUMP STATION,PUMP STATION..,Preventative Maintenance Order,837.54,1410.57,4.750,8.000
510025443,BK-1M-ME-INSP-PSTNDB,DALBEG B PUMP STATION,PUMP STATION..,Preventative Maintenance Order,497.83,1410.57,6.500,8.000
510025937,BK-1M-ME-INSP-PSTNDB,DALBEG B PUMP STATION,PUMP STATION..,Preventative Maintenance Order,266.79,1410.57,6.000,8.000
510026152,BK-12M-EL-SVC-DALB PSTNB,DALBEG B PUMP STATION,PUMP STATION..,Preventative Maintenance Order,2512.61,5642.31,14.250,32.000
520022053,BK-3M-SFTY-AUDIT PSTN-PSTNDB,DALBEG B PUMP STATION,PUMP STATION..,Operations Order,159.25,318.53,1.000,2.000
520023410,BK-3M-SFTY-AUDIT PSTN-PSTNDB,DALBEG B PUMP STATION,PUMP STATION..,Operations Order,477.77,318.53,3.000,2.000
510023575,BK-1M-ME-INSP-PSTNDR,DALBEG RELIFT PUMP STATION,PUMP STATION..,Preventative Maintenance Order,632.27,1410.57,5.000,8.000
510023979,BK-1M-ME-INSP-PSTNDR,DALBEG RELIFT PUMP STATION,PUMP STATION..,Preventative Maintenance Order,248.87,1410.57,1.250,8.000
510024005,BK-12M-EL-SVC-DALB PSTNR,DALBEG RELIFT PUMP STATION,PUMP STATION..,Preventative Maintenance Order,846.07,2997.47,4.250,17.000
510024541,BK-1M-ME-INSP-PSTNDR,DALBEG RELIFT PUMP STATION,PUMP STATION..,Preventative Maintenance Order,650.86,1410.57,4.500,8.000
510025059,BK-1M-ME-INSP-PSTNDR,DALBEG RELIFT PUMP STATION,PUMP STATION..,Preventative Maintenance Order,705.28,1410.57,4.000,8.000
510025444,BK-1M-ME-INSP-PSTNDR,DALBEG RELIFT PUMP STATION,PUMP STATION..,Preventative Maintenance Order,497.70,1410.57,2.500,8.000
510025938,BK-1M-ME-INSP-PSTNDR,DALBEG RELIFT PUMP STATION,PUMP STATION..,Preventative Maintenance Order,222.33,1410.57,5.000,8.000
510023143,BI-12M-EL-INSP-PSTNDH,DINNER HILL PUMP STATION,PUMP STATION..,Preventative Maintenance Order,2322.63,7557.58,12.750,34.000
510023152,BI-12M-EL-CAL INST-PSTNDH,DINNER HILL PUMP STATION,PUMP STATION..,Preventative Maintenance Order,765.97,2800.74,4.250,12.600
510023515,BI-3M-ME-INSP-PSTNDH,DINNER HILL PUMP STATION,PUMP STATION..,Preventative Maintenance Order,2260.78,1385.77,12.000,8.000
510025017,BI-3M-ME-INSP-PSTNDH,DINNER HILL PUMP STATION,PUMP STATION..,Preventative Maintenance Order,1082.66,1385.77,6.250,8.000
530021841,Plc batteries replacement,DINNER HILL PUMP STATION,PUMP STATION..,Corrective Maintenance Order,342.82,,1.250,
530021842,Dinner hill P1 thermistor,DINNER HILL PUMP STATION,PUMP STATION..,Corrective Maintenance Order,1339.25,,6.250,
510023141,BI-12M-EL-INSP-PSTNDB,DON BEATTIE PUMP STATION,PUMP STATION..,Preventative Maintenance Order,14542.81,22672.69,80.750,102.000
510023150,BI-12M-EL-CAL INST-PSTNDB,DON BEATTIE PUMP STATION,PUMP STATION..,Preventative Maintenance Order,6796.95,5668.16,38.250,25.500
510023514,BI-3M-ME-INSP-PSTNDB,DON BEATTIE PUMP STATION,PUMP STATION..,Preventative Maintenance Order,1245.83,1732.23,12.000,10.000
510025016,BI-3M-ME-INSP-PSTNDB,DON BEATTIE PUMP STATION,PUMP STATION..,Preventative Maintenance Order,2511.71,1732.23,14.500,10.000
530021851,ISIS PSTN AIR COMP. ISOLATOR BROKEN,DON BEATTIE PUMP STATION,PUMP STATION..,Corrective Maintenance Order,1477.17,692.88,10.500,4.000
510023340,EW-EST-1M-ME-INSP-PSTN(JUN),EASTERN EXTENSION PUMP STATION,PUMP STATION..,Preventative Maintenance Order,1941.34,1399.14,11.000,8.000
510023723,EW-EST-1M-ME-INSP-PSTN(JUL),EASTERN EXTENSION PUMP STATION,PUMP STATION..,Preventative Maintenance Order,1149.71,1401.15,6.500,8.000
510023726,EW-EST-6M-CO-INSP FEX-PSTN(JUL)*,EASTERN EXTENSION PUMP STATION,PUMP STATION..,Preventative Maintenance Order,547.70,495.97,1.000,2.000
510024156,EW-EST-1M-ME-INSP-PSTN(AUG),EASTERN EXTENSION PUMP STATION,PUMP STATION..,Preventative Maintenance Order,741.35,1401.15,4.000,8.000
510024713,EW-EST-1M-ME-INSP-PSTN(SEP),EASTERN EXTENSION PUMP STATION,PUMP STATION..,Preventative Maintenance Order,1683.64,1226.00,10.000,7.000
510024716,EW-EST-12M-OP-INSP FIRE RISK-EST(SEP)*,EASTERN EXTENSION PUMP STATION,PUMP STATION..,Preventative Maintenance Order,754.24,316.40,4.500,2.000
510025193,EW-EST-1M-ME-INSP-PSTN(OCT),EASTERN EXTENSION PUMP STATION,PUMP STATION..,Preventative Maintenance Order,1435.75,1401.15,8.000,8.000
510025581,EW-EST-6M-MECM-VA-PSTN(NOV),EASTERN EXTENSION PUMP STATION,PUMP STATION..,Preventative Maintenance Order,2280.00,525.43,7.500,3.000
510025582,EW-EST-6M-ME-INSP-PSTN(NOV),EASTERN EXTENSION PUMP STATION,PUMP STATION..,Preventative Maintenance Order,1165.57,4203.44,11.500,24.000
520021699,EW-3M-SFTY-AUDIT PSTN-EST(JUN),EASTERN EXTENSION PUMP STATION,PUMP STATION..,Operations Order,314.79,174.90,2.000,1.000
520023058,EW-3M-SFTY-AUDIT PSTN-EST(SEP),EASTERN EXTENSION PUMP STATION,PUMP STATION..,Operations Order,632.77,175.15,4.000,1.000
510023207,BK-12M-EL-TST PROT-ELLT PSTN,ELLIOT PUMP STATION,PUMP STATION..,Preventative Maintenance Order,1862.70,90.12,0.000,0.500
510023582,BK-1M-ME-INSP-PSTNE,ELLIOT PUMP STATION,PUMP STATION..,Preventative Maintenance Order,401.12,1410.57,3.500,8.000
510023983,BK-1M-ME-INSP-PSTNE,ELLIOT PUMP STATION,PUMP STATION..,Preventative Maintenance Order,708.88,705.28,6.000,4.000
510024545,BK-1M-ME-INSP-PSTNE,ELLIOT PUMP STATION,PUMP STATION..,Preventative Maintenance Order,573.06,1410.57,3.250,8.000
510025063,BK-1M-ME-INSP-PSTNE,ELLIOT PUMP STATION,PUMP STATION..,Preventative Maintenance Order,1146.09,2821.15,6.500,16.000
510025074,BK-12M-EL-SVC-ELLT PSTN,ELLIOT PUMP STATION,PUMP STATION..,Preventative Maintenance Order,13969.68,2997.47,61.250,17.000
510025450,BK-1M-ME-INSP-PSTNE,ELLIOT PUMP STATION,PUMP STATION..,Preventative Maintenance Order,1026.65,2821.15,5.500,16.000
520022056,BK-3M-SFTY-AUDIT PSTN-PSTNE,ELLIOT PUMP STATION,PUMP STATION..,Operations Order,398.14,318.53,2.500,2.000
520023413,BK-3M-SFTY-AUDIT PSTN-PSTNE,ELLIOT PUMP STATION,PUMP STATION..,Operations Order,238.90,,1.500,
530020431,Elliot Hyd Tank losing Oil,ELLIOT PUMP STATION,PUMP STATION..,Corrective Maintenance Order,10581.64,1595.05,59.500,9.000
530022729,ELLIOT P3 CABLE HAS FAILED,ELLIOT PUMP STATION,PUMP STATION..,Corrective Maintenance Order,39040.28,742.96,0.000,0.000
530022732,EPS PUMP 1 START SEQ FAULT C/OUT,ELLIOT PUMP STATION,PUMP STATION..,Corrective Maintenance Order,447.94,352.64,2.250,2.000
510023036,TR-3M-MECM-LU-PSTNE,ELLWOODS ROAD PUMP STATION,PUMP STATION..,Preventative Maintenance Order,,533.67,,3.000
510023039,TR-12M-ME-INSP-PSTNE,ELLWOODS ROAD PUMP STATION,PUMP STATION..,Preventative Maintenance Order,7629.04,8538.90,37.250,48.000
510024391,TR-3M-MECM-LU-PSTNE,ELLWOODS ROAD PUMP STATION,PUMP STATION..,Preventative Maintenance Order,,516.13,,3.000
510024866,TR-12M-OP-INSP FIRE RISK-PSTNE,ELLWOODS ROAD PUMP STATION,PUMP STATION..,Preventative Maintenance Order,194.25,688.17,1.000,4.000
510025760,TR-3M-MECM-LU-PSTNE,ELLWOODS ROAD PUMP STATION,PUMP STATION..,Preventative Maintenance Order,2721.40,1032.24,9.250,6.000
520022483,TR-3M-SFTY-AUDIT PSTN-PSTNE,ELLWOODS ROAD PUMP STATION,PUMP STATION..,Operations Order,172.05,344.08,1.000,2.000
520023574,TR-3M-SFTY-AUDIT PSTN-PSTNE,ELLWOODS ROAD PUMP STATION,PUMP STATION..,Operations Order,,516.13,,3.000
510023336,EW-1M-OP-INSP-PSTN(JUN),EUNGELLA PUMP STATION,PUMP STATION..,Preventative Maintenance Order,2894.49,1748.94,15.500,10.000
510023717,EW-1M-OP-INSP-PSTN(JUL),EUNGELLA PUMP STATION,PUMP STATION..,Preventative Maintenance Order,3641.76,1751.45,15.000,10.000
510024151,EW-1M-OP-INSP-PSTN(AUG),EUNGELLA PUMP STATION,PUMP STATION..,Preventative Maintenance Order,2192.13,1751.45,12.000,10.000
510024157,EW-12M-CO-3RD PARTY INSP CRNE-PSTN(AUG)*,EUNGELLA PUMP STATION,PUMP STATION..,Preventative Maintenance Order,2199.15,2802.30,7.000,16.000
510024710,EW-1M-OP-INSP-PSTN(SEP),EUNGELLA PUMP STATION,PUMP STATION..,Preventative Maintenance Order,2344.67,1751.45,13.000,10.000
510024714,EW-12M-OP-INSP FIRE RISK-PSTN(SEP)*,EUNGELLA PUMP STATION,PUMP STATION..,Preventative Maintenance Order,98.87,350.28,0.500,2.000
510025188,EW-12M-ME-INSP-PSTN(OCT),EUNGELLA PUMP STATION,PUMP STATION..,Preventative Maintenance Order,2342.08,1401.15,7.500,8.000
510025189,EW-1M-OP-INSP-PSTN(OCT),EUNGELLA PUMP STATION,PUMP STATION..,Preventative Maintenance Order,2591.87,1751.45,14.250,10.000
510025575,EW-1M-OP-INSP-PSTN(NOV),EUNGELLA PUMP STATION,PUMP STATION..,Preventative Maintenance Order,2661.06,1751.45,15.000,10.000
510025584,EW-6M-MECM-VA-PSTN(NOV),EUNGELLA PUMP STATION,PUMP STATION..,Preventative Maintenance Order,2899.77,525.43,6.000,3.000
510025585,EW-3M-CO-INSP CRNE-PSTN(NOV)*,EUNGELLA PUMP STATION,PUMP STATION..,Preventative Maintenance Order,2245.49,1050.84,4.500,6.000
520023052,EW-3M-SFTY-AUDIT PSTN-PSTN(SEP),EUNGELLA PUMP STATION,PUMP STATION..,Operations Order,197.75,175.15,1.000,1.000
510023600,BK-3M-ME-INSP-GIRU,FLYGT PUMP UNIT,PUMPING UNIT,Preventative Maintenance Order,1716.17,2380.34,11.750,13.500
510025082,BK-12M-ME-SVC-PSTNR,FLYGT PUMP UNIT,PUMPING UNIT,Preventative Maintenance Order,1279.36,1093.20,8.000,6.200
510025084,BK-3M-ME-INSP-GIRU,FLYGT PUMP UNIT,PUMPING UNIT,Preventative Maintenance Order,528.57,528.96,4.000,3.000
510018775,BO-12M-ME-INSP-GOS(AUG),GATTONVALE PUMP STATION,PUMP STATION..,Preventative Maintenance Order,24535.59,7337.28,60.600,40.000
510024053,BO-6M-EL-TST CMB-GOS(AUG)*,GATTONVALE PUMP STATION,PUMP STATION..,Preventative Maintenance Order,1305.01,367.43,7.000,2.000
510023519,BI-12M-EL-INSP-PSTNGB,GOOBURRUM PUMP STATION,PUMP STATION..,Preventative Maintenance Order,5804.64,15690.53,39.000,72.000
510023533,BI-12M-EL-CAL INST-PSTNGB,GOOBURRUM PUMP STATION,PUMP STATION..,Preventative Maintenance Order,1625.89,5557.06,12.250,25.500
510023559,BI-12M-ELCM-THERMO-GOOB,GOOBURRUM PUMP STATION,PUMP STATION..,Preventative Maintenance Order,2110.11,8314.65,3.500,48.000
510024502,BI-3M-ME-INSP-PSTNGB,GOOBURRUM PUMP STATION,PUMP STATION..,Preventative Maintenance Order,2631.61,1732.23,20.000,10.000
530022522,Gooburrum air system leak,GOOBURRUM PUMP STATION,PUMP STATION..,Corrective Maintenance Order,854.73,1385.77,5.500,8.000
530023761,Oil Change Guard gate 2 TFPS,GUARD GATE NO.2 PUMP UNIT,PUMPS/PUMPING EQUIP,Corrective Maintenance Order,1291.13,705.28,7.000,4.000
530021911,Halfway tank booster pump refurbishment,HALFWAY TANK BOOSTER PUMP,PUMPS/PUMPING EQUIP,Corrective Maintenance Order,3276.00,2209.19,0.000,12.000
510025072,BK-12M-EL-SVC-GIRU PSTNHL,HEALEY'S LAGOON SYSTEM,PUMP STATION..,Preventative Maintenance Order,425.00,2821.15,0.000,16.000
510022627,NW-2000HR-ME-SVC-PUN5,JACKING PUMP UNIT 2,PUMPING UNIT,Preventative Maintenance Order,4917.02,3207.57,5.000,4.000
510022806,KP-3M-CO-INSP CRNE-PSTN,KENYA PUMP STATION,PUMP STATION..,Preventative Maintenance Order,4769.30,71.61,0.000,0.500
510024112,KP-12M-CO-3RD PARTY INSP CRNE-PSTN,KENYA PUMP STATION,PUMP STATION..,Preventative Maintenance Order,7770.77,81.52,0.000,0.500
510024642,KP-12M-OP-INSP FIRE RISK-PSTN,KENYA PUMP STATION,PUMP STATION..,Preventative Maintenance Order,322.00,322.00,2.000,2.000
510025543,KP-3M-CO-INSP CRNE-PSTN,KENYA PUMP STATION,PUMP STATION..,Preventative Maintenance Order,63.25,71.44,0.500,0.500
520022154,KP-12M-BD-INSP PEST-PSTN,KENYA PUMP STATION,PUMP STATION..,Operations Order,760.86,81.52,0.000,0.500
520022653,KP-3M-SFTY-AUDIT PSTN-PSTN,KENYA PUMP STATION,PUMP STATION..,Operations Order,643.97,643.97,4.000,4.000
520023729,KP-3M-SFTY-AUDIT PSTN-PSTN,KENYA PUMP STATION,PUMP STATION..,Operations Order,505.99,563.48,4.000,4.000
510024196,LO-3M-ME-INSP-PSTNMR,MAIN ROADS PUMP STATION,PUMP STATION..,Preventative Maintenance Order,736.21,2944.77,4.250,17.000
510025616,LO-3M-ME-INSP-PSTNMR,MAIN ROADS PUMP STATION,PUMP STATION..,Preventative Maintenance Order,1055.95,2944.77,8.500,17.000
510025619,LO-6M-EL-INSP-PSTNMR,MAIN ROADS PUMP STATION,PUMP STATION..,Preventative Maintenance Order,1557.92,692.88,14.500,4.000
510023516,BI-3M-ME-INSP-PSTNMC,MCILWRAITH PUMP STATION,PUMP STATION..,Preventative Maintenance Order,736.21,1385.77,4.250,8.000
510023522,BI-12M-EL-INSP-PSTNMC,MCILWRAITH PUMP STATION,PUMP STATION..,Preventative Maintenance Order,1595.87,5557.06,11.500,25.500
510023530,BI-12M-EL-CAL INST-PSTNMC,MCILWRAITH PUMP STATION,PUMP STATION..,Preventative Maintenance Order,534.41,5557.06,4.000,25.500
510025018,BI-3M-ME-INSP-PSTNMC,MCILWRAITH PUMP STATION,PUMP STATION..,Preventative Maintenance Order,1558.99,1385.77,9.000,8.000
510023035,TR-3M-MECM-LU-PSTNM,MELROSE PUMP STATION,PUMP STATION..,Preventative Maintenance Order,,533.67,,3.000
510023038,TR-12M-ME-INSP-PSTNM,MELROSE PUMP STATION,PUMP STATION..,Preventative Maintenance Order,9194.07,8538.90,61.000,48.000
510024390,TR-3M-MECM-LU-PSTNM,MELROSE PUMP STATION,PUMP STATION..,Preventative Maintenance Order,,516.13,,3.000
510024865,TR-12M-OP-INSP FIRE RISK-PSTNM,MELROSE PUMP STATION,PUMP STATION..,Preventative Maintenance Order,194.25,688.17,1.000,4.000
510025759,TR-3M-MECM-LU-PSTNM,MELROSE PUMP STATION,PUMP STATION..,Preventative Maintenance Order,1204.30,1032.24,7.000,6.000
520021126,TR-3M-SFTY-AUDIT PSTN-PSTNM,MELROSE PUMP STATION,PUMP STATION..,Operations Order,,171.90,,1.000
520022484,TR-3M-SFTY-AUDIT PSTN-PSTNM,MELROSE PUMP STATION,PUMP STATION..,Operations Order,172.05,344.08,1.000,2.000
520023575,TR-3M-SFTY-AUDIT PSTN-PSTNM,MELROSE PUMP STATION,PUMP STATION..,Operations Order,,516.13,,3.000
530022208,Melrose no2 suction valve close fail,MELROSE PUMP STATION,PUMP STATION..,Corrective Maintenance Order,1304.96,1376.35,6.000,8.000
530022247,Melrose P2 cooling water,MELROSE PUMP STATION,PUMP STATION..,Corrective Maintenance Order,1446.91,1376.35,6.750,8.000
510021930,BK-6M-EL-INSP-MILL PSTNA,MILLAROO A PUMP STATION,PUMP STATION..,Preventative Maintenance Order,1506.45,708.91,8.500,4.000
510023203,BK-12M-EL-TST PROT-MILL PSTNA,MILLAROO A PUMP STATION,PUMP STATION..,Preventative Maintenance Order,1862.70,360.47,0.000,2.000
510023572,BK-1M-ME-INSP-PSTNMA,MILLAROO A PUMP STATION,PUMP STATION..,Preventative Maintenance Order,582.40,,5.000,
510023976,BK-1M-ME-INSP-PSTNMA,MILLAROO A PUMP STATION,PUMP STATION..,Preventative Maintenance Order,1102.63,1057.91,8.000,6.000
510024538,BK-1M-ME-INSP-PSTNMA,MILLAROO A PUMP STATION,PUMP STATION..,Preventative Maintenance Order,1121.78,1586.89,8.250,9.000
510024555,BK-12M-EL-SVC-MILL PSTNA,MILLAROO A PUMP STATION,PUMP STATION..,Preventative Maintenance Order,8240.95,5642.31,35.250,32.000
510025056,BK-1M-ME-INSP-PSTNMA,MILLAROO A PUMP STATION,PUMP STATION..,Preventative Maintenance Order,926.50,1057.91,6.500,6.000
510025441,BK-1M-ME-INSP-PSTNMA,MILLAROO A PUMP STATION,PUMP STATION..,Preventative Maintenance Order,617.13,1057.91,3.500,6.000
520022050,BK-3M-SFTY-AUDIT PSTN-PSTNMA,MILLAROO A PUMP STATION,PUMP STATION..,Operations Order,159.25,159.25,1.000,1.000
520023407,BK-3M-SFTY-AUDIT PSTN-PSTNMA,MILLAROO A PUMP STATION,PUMP STATION..,Operations Order,477.77,159.25,3.000,1.000
530019020,REG 55 channel sensors to be added,MILLAROO A PUMP STATION,PUMP STATION..,Corrective Maintenance Order,19119.54,,0.000,
530023194,PUMP 1 DISCHARGE FAULT,MILLAROO A PUMP STATION,PUMP STATION..,Corrective Maintenance Order,865.30,,6.500,
510023204,BK-12M-EL-TST PROT-MILL PSTNB,MILLAROO B PUMP STATION,PUMP STATION..,Preventative Maintenance Order,1862.70,,0.000,
510023571,BK-1M-ME-INSP-PSTNMB,MILLAROO B PUMP STATION,PUMP STATION..,Preventative Maintenance Order,505.83,2115.87,4.000,12.000
510023975,BK-1M-ME-INSP-PSTNMB,MILLAROO B PUMP STATION,PUMP STATION..,Preventative Maintenance Order,398.14,2115.87,2.000,12.000
510024537,BK-1M-ME-INSP-PSTNMB,MILLAROO B PUMP STATION,PUMP STATION..,Preventative Maintenance Order,570.46,2115.87,4.250,12.000
510024556,BK-12M-EL-SVC-MILL PSTNB,MILLAROO B PUMP STATION,PUMP STATION..,Preventative Maintenance Order,2790.00,2821.15,0.000,16.000
510025055,BK-1M-ME-INSP-PSTNMB,MILLAROO B PUMP STATION,PUMP STATION..,Preventative Maintenance Order,749.39,2115.87,4.250,12.000
510025440,BK-1M-ME-INSP-PSTNMB,MILLAROO B PUMP STATION,PUMP STATION..,Preventative Maintenance Order,440.81,1057.91,2.500,6.000
520022051,BK-3M-SFTY-AUDIT PSTN-PSTNMB,MILLAROO B PUMP STATION,PUMP STATION..,Operations Order,159.25,159.25,1.000,1.000
520023408,BK-3M-SFTY-AUDIT PSTN-PSTNMB,MILLAROO B PUMP STATION,PUMP STATION..,Operations Order,477.77,159.25,3.000,1.000
530021773,MBPS REPLACE LIQ LEVEL RELAYS,MILLAROO B PUMP STATION,PUMP STATION..,Corrective Maintenance Order,2072.62,720.91,11.500,4.000
510023573,BK-1M-ME-INSP-PSTNMR,MILLAROO RELIFT PUMP STATION,PUMP STATION..,Preventative Maintenance Order,505.83,1057.91,4.000,6.000
510023977,BK-1M-ME-INSP-PSTNMR,MILLAROO RELIFT PUMP STATION,PUMP STATION..,Preventative Maintenance Order,398.14,1057.91,2.000,6.000
510024539,BK-1M-ME-INSP-PSTNMR,MILLAROO RELIFT PUMP STATION,PUMP STATION..,Preventative Maintenance Order,570.46,1057.91,4.250,6.000
510024557,BK-12M-EL-SVC-MILL PSTNR,MILLAROO RELIFT PUMP STATION,PUMP STATION..,Preventative Maintenance Order,2550.00,1410.57,0.000,8.000
510025057,BK-1M-ME-INSP-PSTNMR,MILLAROO RELIFT PUMP STATION,PUMP STATION..,Preventative Maintenance Order,705.28,1057.91,4.000,6.000
510025442,BK-1M-ME-INSP-PSTNMR,MILLAROO RELIFT PUMP STATION,PUMP STATION..,Preventative Maintenance Order,440.81,528.96,2.500,3.000
530023041,MILLAROO RELIFT WILL NOT PRIME CALLOUT,MILLAROO RELIFT PUMP STATION,PUMP STATION..,Corrective Maintenance Order,,705.28,,4.000
510025211,KI-12M-ELHV-TST PROT-PSTNM1(OCT),MIRANI PUMP STATION 1 (TO MDC),PUMP STATION HEADER,Preventative Maintenance Order,,367.43,,2.000
520022238,KI-3M-SFTY-AUDIT PSTN-PSTNM1(JUL),MIRANI PUMP STATION 1 (TO MDC),PUMP STATION HEADER,Operations Order,51.88,183.73,0.250,1.000
520023469,KI-3M-SFTY-AUDIT PSTN-PSTNM1(OCT),MIRANI PUMP STATION 1 (TO MDC),PUMP STATION HEADER,Operations Order,414.84,183.73,2.000,1.000
510025212,KI-12M-ELHV-TST PROT-PSTNM3(OCT),MIRANI PUMP STATION 3 (TO MD1),PUMP STATION HEADER,Preventative Maintenance Order,1440.00,734.87,0.000,4.000
520022239,KI-3M-SFTY-AUDIT PSTN-PSTNM3(JUL),MIRANI PUMP STATION 3 (TO MD1),PUMP STATION HEADER,Operations Order,51.88,367.43,0.250,2.000
520023470,KI-3M-SFTY-AUDIT PSTN-PSTNM3(OCT),MIRANI PUMP STATION 3 (TO MD1),PUMP STATION HEADER,Operations Order,414.84,367.43,2.000,2.000
510023172,BI-12M-CO-3RD PARTY INSP CRNE-PSTNMO,MONDURAN PUMP STATION,PUMP STATION..,Preventative Maintenance Order,1650.00,5767.31,0.000,32.000
510023511,BI-3M-ME-INSP-PSTNMO,MONDURAN PUMP STATION,PUMP STATION..,Preventative Maintenance Order,736.21,2944.77,4.250,17.000
510023524,BI-12M-EL-INSP-PSTNMO,MONDURAN PUMP STATION,PUMP STATION..,Preventative Maintenance Order,5637.67,3704.69,46.000,17.000
510023532,BI-12M-EL-CAL INST-PSTNMO,MONDURAN PUMP STATION,PUMP STATION..,Preventative Maintenance Order,4007.29,3704.69,22.000,17.000
510025012,BI-12M-ME-INSP-PSTNMO,MONDURAN PUMP STATION,PUMP STATION..,Preventative Maintenance Order,2111.93,11779.07,17.000,68.000
530016500,Replace emergency light fittings,MONDURAN PUMP STATION,PUMP STATION..,Corrective Maintenance Order,2082.77,348.47,8.000,2.000
530018486,Monduran lights not working,MONDURAN PUMP STATION,PUMP STATION..,Corrective Maintenance Order,38453.64,2787.65,47.000,16.000
530018488,Monduran HV SWB lights,MONDURAN PUMP STATION,PUMP STATION..,Corrective Maintenance Order,1685.14,696.91,14.500,4.000
530018489,Monduran heat exchange switch,MONDURAN PUMP STATION,PUMP STATION..,Corrective Maintenance Order,434.35,696.91,2.500,4.000
510023694,DW-12M-ME-INSP-PSTNM,MOSS PUMP STATION,PUMP STATION..,Preventative Maintenance Order,1051.67,11757.98,0.000,64.000
510024697,DW-6M-CO-INSP FEX-MOS PSTN,MOSS PUMP STATION,PUMP STATION..,Preventative Maintenance Order,165.93,530.27,1.000,2.000
510025173,DW-3M-ME-INSP-PSTNM,MOSS PUMP STATION,PUMP STATION..,Preventative Maintenance Order,912.67,734.87,5.500,4.000
520022190,DW-3M-SFTY-AUDIT PSTN-PSTNM,MOSS PUMP STATION,PUMP STATION..,Operations Order,331.89,1469.74,2.000,8.000
520023044,DW-3M-SFTY-AUDIT PSTN-MOS,MOSS PUMP STATION,PUMP STATION..,Operations Order,331.89,1102.29,2.000,6.000
520023457,DW-3M-SFTY-AUDIT PSTN-PSTNM,MOSS PUMP STATION,PUMP STATION..,Operations Order,,1469.74,,8.000
510023370,NE-1M-OP-INSP-PSTN(JUN),NEWLANDS/COLLINSVILLE HIGH LIFT PUMP STN,PUMP STATION..,Preventative Maintenance Order,665.42,665.42,4.000,4.000
510023785,NE-1M-OP-INSP-PSTN(JUL),NEWLANDS/COLLINSVILLE HIGH LIFT PUMP STN,PUMP STATION..,Preventative Maintenance Order,841.25,673.00,5.000,4.000
510024222,NE-1M-OP-INSP-PSTN(AUG),NEWLANDS/COLLINSVILLE HIGH LIFT PUMP STN,PUMP STATION..,Preventative Maintenance Order,1749.00,673.00,4.000,4.000
510024760,NE-1M-OP-INSP-PSTN(SEP),NEWLANDS/COLLINSVILLE HIGH LIFT PUMP STN,PUMP STATION..,Preventative Maintenance Order,1430.12,1177.74,8.500,7.000
510024761,NE-6M-EL-TST CMB-PSTN(SEP)*,NEWLANDS/COLLINSVILLE HIGH LIFT PUMP STN,PUMP STATION..,Preventative Maintenance Order,,1139.76,,6.000
510024762,NE-12M-EL-TST RCD-PSTN(SEP)*,NEWLANDS/COLLINSVILLE HIGH LIFT PUMP STN,PUMP STATION..,Preventative Maintenance Order,,1519.67,,8.000
510024763,NE-2Y-EL-INSP-PSTN(SEP),NEWLANDS/COLLINSVILLE HIGH LIFT PUMP STN,PUMP STATION..,Preventative Maintenance Order,2103.12,1682.50,12.500,10.000
510025254,NE-1M-OP-INSP-PSTN(OCT),NEWLANDS/COLLINSVILLE HIGH LIFT PUMP STN,PUMP STATION..,Preventative Maintenance Order,2000.85,673.00,8.000,4.000
510025645,NE-1M-OP-INSP-PSTN(NOV),NEWLANDS/COLLINSVILLE HIGH LIFT PUMP STN,PUMP STATION..,Preventative Maintenance Order,2146.53,673.00,13.000,4.000
520022285,NE-3M-SFTY-AUDIT PSTN-PSTN(JUL),NEWLANDS/COLLINSVILLE HIGH LIFT PUMP STN,PUMP STATION..,Operations Order,,303.94,,2.000
520023492,NE-3M-SFTY-AUDIT PSTN-PSTN(OCT),NEWLANDS/COLLINSVILLE HIGH LIFT PUMP STN,PUMP STATION..,Operations Order,1280.85,303.94,8.000,2.000
510023142,BI-12M-EL-INSP-PSTNNG,NORTH GREGORY PUMP STATION,PUMP STATION..,Preventative Maintenance Order,3247.96,7557.58,19.750,34.000
510023151,BI-12M-EL-CAL INST-PSTNNG,NORTH GREGORY PUMP STATION,PUMP STATION..,Preventative Maintenance Order,882.69,3778.77,6.000,17.000
510023512,BI-3M-ME-INSP-PSTNNG,NORTH GREGORY PUMP STATION,PUMP STATION..,Preventative Maintenance Order,1385.77,1385.77,8.000,8.000
510025013,BI-12M-ME-INSP-PSTNNG,NORTH GREGORY PUMP STATION,PUMP STATION..,Preventative Maintenance Order,2598.33,2078.67,15.000,12.000
530019616,Remove old flow meter at North Gregory,NORTH GREGORY PUMP STATION,PUMP STATION..,Corrective Maintenance Order,118.18,2090.75,0.000,12.000
530022511,North Gregory old chart recorder removal,NORTH GREGORY PUMP STATION,PUMP STATION..,Corrective Maintenance Order,1676.00,4417.15,10.000,25.500
510023381,NW-1M-OP-INSP-PSTNHL,NWP HIGH LIFT PUMP STATION,PUMP STATION..,Preventative Maintenance Order,4186.69,3557.88,22.500,20.000
510023795,NW-1M-OP-INSP-PSTNHL,NWP HIGH LIFT PUMP STATION,PUMP STATION..,Preventative Maintenance Order,2610.21,3502.87,14.000,20.000
510024241,NW-12M-CO-INSP LFT EQ-PSTN,NWP HIGH LIFT PUMP STATION,PUMP STATION..,Preventative Maintenance Order,350.28,525.43,2.000,3.000
510024244,NW-1M-OP-INSP-PSTNHL,NWP HIGH LIFT PUMP STATION,PUMP STATION..,Preventative Maintenance Order,3272.05,4203.44,16.500,24.000
510024780,NW-12M-OP-INSP FIRE RISK-PSTN,NWP HIGH LIFT PUMP STATION,PUMP STATION..,Preventative Maintenance Order,175.15,350.28,1.000,2.000
510024785,NW-1M-OP-INSP-PSTNHL,NWP HIGH LIFT PUMP STATION,PUMP STATION..,Preventative Maintenance Order,3495.41,3502.87,5.000,20.000
510025266,NW-1M-OP-INSP-PSTNHL,NWP HIGH LIFT PUMP STATION,PUMP STATION..,Preventative Maintenance Order,3471.33,3502.87,13.500,20.000
510025269,NW-6M-ME-SVC-PSTNHL,NWP HIGH LIFT PUMP STATION,PUMP STATION..,Preventative Maintenance Order,6494.44,4904.04,34.500,28.000
510025274,NW-6M-EL-INSP-PSTNHL,NWP HIGH LIFT PUMP STATION,PUMP STATION..,Preventative Maintenance Order,1849.02,13135.81,2.000,75.000
510025663,NW-3M-CO-INSP LFT SLG-PSTNHL,NWP HIGH LIFT PUMP STATION,PUMP STATION..,Preventative Maintenance Order,437.86,700.57,2.500,4.000
510025665,NW-1M-OP-INSP-PSTNHL,NWP HIGH LIFT PUMP STATION,PUMP STATION..,Preventative Maintenance Order,2672.36,3502.87,15.000,20.000
520023114,NW-3M-SFTY-AUDIT PSTN-PSTNHL,NWP HIGH LIFT PUMP STATION,PUMP STATION..,Operations Order,525.43,700.57,3.000,4.000
510022517,NW-6M-ME-INSP-PSTNLL,NWP LOW LIFT PUMP STATION,PUMP STATION..,Preventative Maintenance Order,6000.12,5956.31,0.000,16.000
510023382,NW-1M-OP-INSP-PSTNLL,NWP LOW LIFT PUMP STATION,PUMP STATION..,Preventative Maintenance Order,375.65,3557.88,2.000,20.000
510023796,NW-1M-OP-INSP-PSTNLL,NWP LOW LIFT PUMP STATION,PUMP STATION..,Preventative Maintenance Order,646.90,700.57,3.500,4.000
510024245,NW-1M-OP-INSP-PSTNLL,NWP LOW LIFT PUMP STATION,PUMP STATION..,Preventative Maintenance Order,1351.45,4203.44,4.000,24.000
510024786,NW-1M-OP-INSP-PSTNLL,NWP LOW LIFT PUMP STATION,PUMP STATION..,Preventative Maintenance Order,1139.79,350.28,2.000,2.000
510025267,NW-1M-OP-INSP-PSTNLL,NWP LOW LIFT PUMP STATION,PUMP STATION..,Preventative Maintenance Order,471.76,350.28,2.500,2.000
510025268,NW-6M-ME-INSP-PSTNLL,NWP LOW LIFT PUMP STATION,PUMP STATION..,Preventative Maintenance Order,4707.32,,8.500,
510025273,NW-6M-EL-INSP-PSTNLL,NWP LOW LIFT PUMP STATION,PUMP STATION..,Preventative Maintenance Order,,8757.19,,50.000
510025666,NW-1M-OP-INSP-PSTNLL,NWP LOW LIFT PUMP STATION,PUMP STATION..,Preventative Maintenance Order,548.03,3502.87,3.000,20.000
520023115,NW-3M-SFTY-AUDIT PSTN-PSTNLL,NWP LOW LIFT PUMP STATION,PUMP STATION..,Operations Order,262.74,700.57,1.500,4.000
510024194,LO-3M-ME-INSP-PSTNOW,OWANYILLA PUMP STATION,PUMP STATION..,Preventative Maintenance Order,736.21,2944.77,4.250,17.000
510025614,LO-3M-ME-INSP-PSTNOW,OWANYILLA PUMP STATION,PUMP STATION..,Preventative Maintenance Order,1055.95,2944.77,8.500,17.000
510025621,LO-6M-EL-INSP-PSTNOW,OWANYILLA PUMP STATION,PUMP STATION..,Preventative Maintenance Order,2182.59,6599.75,17.750,38.100
510025623,LO-6M-MECM-LU-PSTNOW,OWANYILLA PUMP STATION,PUMP STATION..,Preventative Maintenance Order,389.74,2615.10,2.250,12.000
530017666,Failed emergency lights owanyilla,OWANYILLA PUMP STATION,PUMP STATION..,Corrective Maintenance Order,3054.10,696.91,12.250,4.000
510024662,CO-12M-OP-INSP FIRE RISK-PSTNS(SEP)*,PELICAN CREEK PUMP STATION,PUMP STATION..,Preventative Maintenance Order,,316.40,,2.000
530013729,PSTN 4 Pump 2 replace WRG Gearbox,PUMP,PUMPS/PUMPING EQUIP,Corrective Maintenance Order,5639.00,5500.45,14.000,16.000
530013730,PSTN 2 Pump 1 replace WRG Gearbox,PUMP,PUMPS/PUMPING EQUIP,Corrective Maintenance Order,3332.53,5446.45,0.000,16.000
530020116,PS2 P2 INVEST REPAIR BRNG Wat Ingress,PUMP,PUMPS/PUMPING EQUIP,Corrective Maintenance Order,68828.53,8220.03,126.300,47.000
510025630,MR-12M-EL-INSP-PSTNPGA,PUMP STATION 'A' PADDYS GREEN,PUMP STATION..,Preventative Maintenance Order,1094.92,1498.73,5.500,8.500
510025633,MR-12M-EL-TST RCD-PSTNPGA,PUMP STATION 'A' PADDYS GREEN,PUMP STATION..,Preventative Maintenance Order,199.08,352.64,1.000,2.000
510025636,MR-6M-ME-INSP-PSTNPGA,PUMP STATION 'A' PADDYS GREEN,PUMP STATION..,Preventative Maintenance Order,2159.94,2997.47,12.250,17.000
520022689,MR-3M-SFTY-AUDIT PSTN-PSTNPGA,PUMP STATION 'A' PADDYS GREEN,PUMP STATION..,Operations Order,298.61,352.64,1.500,2.000
530023335,Paddy A pump 2 in fault,PUMP STATION 'A' PADDYS GREEN,PUMP STATION..,Corrective Maintenance Order,497.70,528.96,2.500,3.000
510024211,MR-6M-EL-INSP-PSTNPCA,PUMP STATION 'A' PRICE CK RELIFT,PUMP STATION..,Preventative Maintenance Order,1094.92,1498.73,5.500,8.500
510024214,MR-6M-ME-INSP-PSTNPCA,PUMP STATION 'A' PRICE CK RELIFT,PUMP STATION..,Preventative Maintenance Order,1410.57,4496.20,8.000,25.500
520022687,MR-3M-SFTY-AUDIT PSTN-PSTNPCA,PUMP STATION 'A' PRICE CK RELIFT,PUMP STATION..,Operations Order,199.08,352.64,1.000,2.000
530024062,Price creek phase failure alarm fault,PUMP STATION 'A' PRICE CK RELIFT,PUMP STATION..,Corrective Maintenance Order,298.61,352.64,1.500,2.000
510025631,MR-12M-EL-INSP-PSTNPGB,PUMP STATION 'B' PADDYS GREEN,PUMP STATION..,Preventative Maintenance Order,1194.45,1498.73,6.000,8.500
510025634,MR-12M-EL-TST RCD-PSTNPGB,PUMP STATION 'B' PADDYS GREEN,PUMP STATION..,Preventative Maintenance Order,199.08,352.64,1.000,2.000
510025637,MR-6M-ME-INSP-PSTNPGB,PUMP STATION 'B' PADDYS GREEN,PUMP STATION..,Preventative Maintenance Order,2248.13,2997.47,12.750,17.000
520022690,MR-3M-SFTY-AUDIT PSTN-PSTNPGB,PUMP STATION 'B' PADDYS GREEN,PUMP STATION..,Operations Order,298.61,352.64,1.500,2.000
530023037,Paddy’s Grn PS B-pumps stopped (CO),PUMP STATION 'B' PADDYS GREEN,PUMP STATION..,Corrective Maintenance Order,1444.70,648.71,7.500,2.000
510024212,MR-6M-EL-INSP-PSTNPCB,PUMP STATION 'B' PRICE CK RELIFT,PUMP STATION..,Preventative Maintenance Order,1393.52,1498.73,7.000,8.500
510024215,MR-6M-ME-INSP-PSTNPCB,PUMP STATION 'B' PRICE CK RELIFT,PUMP STATION..,Preventative Maintenance Order,1939.55,4496.20,11.000,25.500
520022688,MR-3M-SFTY-AUDIT PSTN-PSTNPCB,PUMP STATION 'B' PRICE CK RELIFT,PUMP STATION..,Operations Order,199.08,352.64,1.000,2.000
530023222,Pump 2 faulty at B station Pr Ck,PUMP STATION 'B' PRICE CK RELIFT,PUMP STATION..,Corrective Maintenance Order,13174.29,176.33,45.750,1.000
510019181,AC-12M-ME-SVC-PSTNS,PUMP STATIONS,PUMP STATION HEADER,Preventative Maintenance Order,16428.84,2798.31,86.500,16.000
510022554,SW-3M-MECM-LU-PSTNS,PUMP STATIONS,PUMP STATION HEADER,Preventative Maintenance Order,157.41,174.90,1.000,1.000
510023115,AC-1M-OP-INSP-PSTNS,PUMP STATIONS,PUMP STATION HEADER,Preventative Maintenance Order,,1399.14,,8.000
510023237,BL-3M-CO-INSP CRNE-PSTNS,PUMP STATIONS,PUMP STATION HEADER,Preventative Maintenance Order,4917.15,1295.22,3.000,6.000
510023255,BM-12M-CO-TST FPSYS-PSTNS(JUN)*,PUMP STATIONS,PUMP STATION HEADER,Preventative Maintenance Order,1380.00,2836.25,0.000,16.000
510023479,AC-1M-OP-INSP-PSTNS,PUMP STATIONS,PUMP STATION HEADER,Preventative Maintenance Order,1740.13,1401.15,11.000,8.000
510023489,AC-6M-CO-SVC AIR CON-AWCP,PUMP STATIONS,PUMP STATION HEADER,Preventative Maintenance Order,2851.41,1401.15,0.000,8.000
510023604,BL-6M-MECM-VA-PSTNS,PUMP STATIONS,PUMP STATION HEADER,Preventative Maintenance Order,593.23,2101.73,3.000,12.000
510023622,BM-1M-CO-TST FPSYS-PSTNS(JUL)*,PUMP STATIONS,PUMP STATION HEADER,Preventative Maintenance Order,960.00,1401.15,0.000,8.000
510023839,SW-3M-MECM-LU-PSTNS,PUMP STATIONS,PUMP STATION HEADER,Preventative Maintenance Order,,175.15,,1.000
510023904,AC-1M-OP-INSP-PSTNS,PUMP STATIONS,PUMP STATION HEADER,Preventative Maintenance Order,711.88,1401.15,4.500,8.000
510023909,AC-3M-AN-MONITOR SEPTIC-PSTNS,PUMP STATIONS,PUMP STATION HEADER,Preventative Maintenance Order,158.19,632.77,1.000,4.000
510023910,AC-6M-SFTY-INSP LDR-PST,PUMP STATIONS,PUMP STATION HEADER,Preventative Maintenance Order,79.12,175.15,0.500,1.000
510024020,BL-3M-EL-TST WELD,PUMP STATIONS,PUMP STATION HEADER,Preventative Maintenance Order,1217.09,525.43,4.250,3.000
510024028,BL-3M-AN-MONITOR SEPTIC-PSTNS,PUMP STATIONS,PUMP STATION HEADER,Preventative Maintenance Order,834.78,525.43,4.250,3.000
510024029,BL-6M-SFTY-INSP LDR-PST,PUMP STATIONS,PUMP STATION HEADER,Preventative Maintenance Order,637.03,175.15,3.250,1.000
510024034,BM-12M-3RD PARTY INSP CRNE-PSTNS(AUG)*,PUMP STATIONS,PUMP STATION HEADER,Preventative Maintenance Order,20841.81,2802.30,26.500,16.000
510024043,BM-1M-CO-TST FPSYS-PSTNS(AUG)*,PUMP STATIONS,PUMP STATION HEADER,Preventative Maintenance Order,1592.77,1401.15,4.000,8.000
510024050,BM-3M-AN-MONITOR SEPTIC-PSTNS(AUG),PUMP STATIONS,PUMP STATION HEADER,Preventative Maintenance Order,632.77,525.43,4.000,3.000
510024197,LO-3M-ME-INSP-PSTNCB,PUMP STATIONS,PUMP STATION HEADER,Preventative Maintenance Order,1131.53,2944.77,4.500,17.000
510024234,NW-12M-CO-3RD PARTY INSP CRNE-PSTNS,PUMP STATIONS,PUMP STATION HEADER,Preventative Maintenance Order,3076.88,3678.01,3.000,21.000
510024236,NW-6M-CO-INSP FEX-PSTN,PUMP STATIONS,PUMP STATION HEADER,Preventative Maintenance Order,6581.93,495.97,3.000,2.000
510024372,SW-6M-SFTY-INSP LDR-PST,PUMP STATIONS,PUMP STATION HEADER,Preventative Maintenance Order,175.15,175.15,1.000,1.000
510024468,AC-1M-OP-INSP-PSTNS,PUMP STATIONS,PUMP STATION HEADER,Preventative Maintenance Order,,1401.15,,8.000
510024471,AC-12M-ME-SVC-PSTNS,PUMP STATIONS,PUMP STATION HEADER,Preventative Maintenance Order,1420.92,2802.30,8.500,16.000
510024571,BL-3M-CO-INSP CRNE-PSTNS,PUMP STATIONS,PUMP STATION HEADER,Preventative Maintenance Order,6121.67,1323.05,3.000,6.000
510024596,BM-12M-ELCM-TST PAR DIS-PSTNS(SEP),PUMP STATIONS,PUMP STATION HEADER,Preventative Maintenance Order,,13310.94,,76.000
510024601,BM-1M-CO-TST FPSYS-PSTNS(SEP)*,PUMP STATIONS,PUMP STATION HEADER,Preventative Maintenance Order,2404.95,1401.15,8.250,8.000
510024978,AC-1M-OP-INSP-PSTNS,PUMP STATIONS,PUMP STATION HEADER,Preventative Maintenance Order,3084.79,1401.15,19.500,8.000
510024987,AC-6M-EL-TST CMB-PSTNS,PUMP STATIONS,PUMP STATION HEADER,Preventative Maintenance Order,3035.50,2802.30,0.000,16.000
510024988,AC-12M-EL-TST RCD-PSTNS,PUMP STATIONS,PUMP STATION HEADER,Preventative Maintenance Order,703.50,1401.15,0.000,8.000
510024990,AC-6M-CO-INSP SFTY EQUIP-PSTNS,PUMP STATIONS,PUMP STATION HEADER,Preventative Maintenance Order,168.00,837.46,0.000,6.000
510025089,BL-6M-CO-INSP FEX-PSTN,PUMP STATIONS,PUMP STATION HEADER,Preventative Maintenance Order,1105.96,2247.24,4.000,10.000
510025106,BM-1M-CO-TST FPSYS-PSTNS(OCT)*,PUMP STATIONS,PUMP STATION HEADER,Preventative Maintenance Order,1909.18,1401.15,6.000,8.000
510025250,MR-12M-ELCM-THERMO-PSTNPG,PUMP STATIONS,PUMP STATION HEADER,Preventative Maintenance Order,995.39,2028.96,5.000,3.000
510025320,SW-6M-CO-INSP SFTY EQUIP-PSTN,PUMP STATIONS,PUMP STATION HEADER,Preventative Maintenance Order,,451.25,,3.000
510025321,SW-6M-CO-CAL GAS DET-PSTN,PUMP STATIONS,PUMP STATION HEADER,Preventative Maintenance Order,,451.25,,3.000
510025377,AC-1M-OP-INSP-PSTNS,PUMP STATIONS,PUMP STATION HEADER,Preventative Maintenance Order,2452.01,1401.15,15.500,8.000
510025388,AC-3M-AN-MONITOR SEPTIC-PSTNS,PUMP STATIONS,PUMP STATION HEADER,Preventative Maintenance Order,316.40,632.77,2.000,4.000
510025471,BL-3M-AN-MONITOR SEPTIC-PSTNS,PUMP STATIONS,PUMP STATION HEADER,Preventative Maintenance Order,790.96,525.43,4.000,3.000
510025476,BM-3M-CO-INSP CRNE-PSTNS(NOV)*,PUMP STATIONS,PUMP STATION HEADER,Preventative Maintenance Order,5838.79,2802.30,9.000,16.000
510025480,BM-1M-CO-TST FPSYS-PSTNS(NOV)*,PUMP STATIONS,PUMP STATION HEADER,Preventative Maintenance Order,3670.96,1401.15,5.000,8.000
510025490,BM-3M-AN-MONITOR SEPTIC-PSTNS(NOV),PUMP STATIONS,PUMP STATION HEADER,Preventative Maintenance Order,1898.31,525.43,12.000,3.000
510025617,LO-3M-ME-INSP-PSTNCB,PUMP STATIONS,PUMP STATION HEADER,Preventative Maintenance Order,1342.46,2944.77,7.750,17.000
510025618,LO-6M-EL-INSP-PSTNCB,PUMP STATIONS,PUMP STATION HEADER,Preventative Maintenance Order,808.99,2944.77,6.500,17.000
510025656,NW-3M-CO-INSP CRNE-PSTNS,PUMP STATIONS,PUMP STATION HEADER,Preventative Maintenance Order,889.83,1751.45,4.500,10.000
510025669,NW-6M-EL-CAL EL TST INST-PPL,PUMP STATIONS,PUMP STATION HEADER,Preventative Maintenance Order,5749.24,1670.81,12.000,4.000
510025804,BWATER PST'S AIR CONS-SERVICE,PUMP STATIONS,PUMP STATION HEADER,Preventative Maintenance Order,1560.00,1050.84,0.000,6.000
520017840,NW-1Y-BD-INSP PEST-PSTN,PUMP STATIONS,PUMP STATION HEADER,Operations Order,3700.00,349.80,0.000,2.000
520021546,AC-6M-OP-AUDIT WORK AT HEIGHT-PSTNS,PUMP STATIONS,PUMP STATION HEADER,Operations Order,,539.27,,2.500
520022864,MR-1W-OP-INSP PSTN-PG A/B,PUMP STATIONS,PUMP STATION HEADER,Operations Order,,5289.66,,30.000
520022872,MR-1W-OP-INSP PSTN-PG A/B,PUMP STATIONS,PUMP STATION HEADER,Operations Order,,5289.66,,30.000
520022884,MR-1W-OP-INSP PSTN-PG A/B,PUMP STATIONS,PUMP STATION HEADER,Operations Order,,5289.66,,30.000
520023099,MR-1W-OP-INSP PSTN-PG A/B,PUMP STATIONS,PUMP STATION HEADER,Operations Order,,5289.66,,30.000
520023944,MR-1W-OP-INSP PSTN-PG A/B,PUMP STATIONS,PUMP STATION HEADER,Operations Order,238.90,5289.66,1.500,30.000
520023962,MR-1W-OP-INSP PSTN-PG A/B,PUMP STATIONS,PUMP STATION HEADER,Operations Order,318.53,5289.66,2.000,30.000
520023982,MR-1W-OP-INSP PSTN-PG A/B,PUMP STATIONS,PUMP STATION HEADER,Operations Order,358.31,5289.66,2.250,30.000
520024207,MR-1W-OP-INSP PSTN-PG A/B,PUMP STATIONS,PUMP STATION HEADER,Operations Order,318.53,5289.66,2.000,30.000
520024378,MR-1W-OP-INSP PSTN-PG A/B,PUMP STATIONS,PUMP STATION HEADER,Operations Order,637.03,5289.66,4.000,30.000
520024585,MR-1W-OP-INSP PSTN-PG A/B,PUMP STATIONS,PUMP STATION HEADER,Operations Order,318.53,5289.66,2.000,30.000
520024710,MR-1W-OP-INSP PSTN-PG A/B,PUMP STATIONS,PUMP STATION HEADER,Operations Order,637.03,5289.66,4.000,30.000
530013004,22BM02-BMP Pumping Reliability Imprvmt],PUMP STATIONS,PUMP STATION HEADER,Corrective Maintenance Order,0.00,,681.600,
530016484,Annual Pest Control - BMP,PUMP STATIONS,PUMP STATION HEADER,Corrective Maintenance Order,,4869.96,,16.000
530023113,Paddy’s Grn PS-repair float switches,PUMP STATIONS,PUMP STATION HEADER,Corrective Maintenance Order,298.61,176.33,1.500,1.000
530023151,Wheel Stop Vehicle Parking - CBPS,PUMP STATIONS,PUMP STATION HEADER,Corrective Maintenance Order,2659.80,3464.43,16.250,20.000
530020876,calibrate Clare A and B flow metres,PUMP STATIONS (ALL),PUMP STATION HEADER,Corrective Maintenance Order,648.84,708.91,4.000,4.000
510025251,MR-12M-ELCM-THERMO-PSTNPC,PUMP STATIONS PRICE CK RELIFT (ALL),PUMP STATION HEADER,Preventative Maintenance Order,1194.45,1852.64,6.000,2.000
520022873,MR-1W-OP-INSP PSTN-PC A/B,PUMP STATIONS PRICE CK RELIFT (ALL),PUMP STATION HEADER,Operations Order,,5289.66,,30.000
520022885,MR-1W-OP-INSP PSTN-PC A/B,PUMP STATIONS PRICE CK RELIFT (ALL),PUMP STATION HEADER,Operations Order,,5289.66,,30.000
520023100,MR-1W-OP-INSP PSTN-PC A/B,PUMP STATIONS PRICE CK RELIFT (ALL),PUMP STATION HEADER,Operations Order,,5289.66,,30.000
520023945,MR-1W-OP-INSP PSTN-PC A/B,PUMP STATIONS PRICE CK RELIFT (ALL),PUMP STATION HEADER,Operations Order,318.53,5289.66,2.000,30.000
520023963,MR-1W-OP-INSP PSTN-PC A/B,PUMP STATIONS PRICE CK RELIFT (ALL),PUMP STATION HEADER,Operations Order,318.53,5289.66,2.000,30.000
520023983,MR-1W-OP-INSP PSTN-PC A/B,PUMP STATIONS PRICE CK RELIFT (ALL),PUMP STATION HEADER,Operations Order,318.53,,2.000,
520024208,MR-1W-OP-INSP PSTN-PC A/B,PUMP STATIONS PRICE CK RELIFT (ALL),PUMP STATION HEADER,Operations Order,159.25,5289.66,1.000,30.000
520024379,MR-1W-OP-INSP PSTN-PC A/B,PUMP STATIONS PRICE CK RELIFT (ALL),PUMP STATION HEADER,Operations Order,477.77,5289.66,3.000,30.000
520024586,MR-1W-OP-INSP PSTN-PC A/B,PUMP STATIONS PRICE CK RELIFT (ALL),PUMP STATION HEADER,Operations Order,318.53,5289.66,2.000,30.000
520024711,MR-1W-OP-INSP PSTN-PC A/B,PUMP STATIONS PRICE CK RELIFT (ALL),PUMP STATION HEADER,Operations Order,126.00,5289.66,2.250,30.000
530017468,MR-100Y-LT-RPLC-FNCE-RLF PST 1/2],PUMP STATIONS PRICE CK RELIFT (ALL),PUMP STATION HEADER,Corrective Maintenance Order,53443.85,,28.000,
530016382,BK-10Y-LT-RPLC-ELEC MOTR-PSTNTF2_3],PUMP UNIT,PUMPS/PUMPING EQUIP,Corrective Maintenance Order,26693.39,,48.000,
530023689,Repair corrosion damages,PUMP UNIT,PUMPS/PUMPING EQUIP,Corrective Maintenance Order,492.99,1385.77,5.250,8.000
510024561,BK-12M-ME-SVC-PSTNDB-1,PUMP UNIT 1,PUMPING UNIT,Preventative Maintenance Order,1380.13,2468.50,10.500,14.000
530019710,23BM09-Refurb Pipework Spools-PS01,PUMP UNIT 1,PUMPS/PUMPING EQUIP,Corrective Maintenance Order,,30950.78,,0.000
530022375,Invstgt/rpr pmp 1 pstn 4 fail to start,PUMP UNIT 1,PUMPS/PUMPING EQUIP,Corrective Maintenance Order,6110.26,,31.500,
530022668,HAZARD-EXTEND GREASE LINES ON MOTOR,PUMP UNIT 1,PUMPING UNIT,Corrective Maintenance Order,658.94,1472.38,0.000,8.500
530022692,Investigate DB P1 Undercurrent Fault,PUMP UNIT 1,PUMPING UNIT,Corrective Maintenance Order,3852.08,,19.750,
530013513,Water void/undercurrent not tripping,PUMP UNIT 2,PUMPING UNIT,Corrective Maintenance Order,6116.77,2787.65,31.250,16.000
530022968,Thermocouple Issue - Gooburrum #2,PUMP UNIT 2,PUMPING UNIT,Corrective Maintenance Order,2036.31,1385.77,14.500,8.000
530023258,WCP Pump 2 investigate Sepam,PUMP UNIT 2,PUMPING UNIT,Corrective Maintenance Order,656.50,656.50,0.000,0.000
530023786,Pump B in fault,PUMP UNIT 2,PUMPING UNIT,Corrective Maintenance Order,895.82,352.64,4.500,2.000
530019789,REPLACE COUPLING RUBBERS,PUMP UNIT 3,PUMPING UNIT,Corrective Maintenance Order,11559.58,,69.500,
530021635,Repair Damaged Cables - LOW LIFT PUMP 3,PUMP UNIT 3,PUMPING UNIT,Corrective Maintenance Order,2362.10,2134.74,9.000,12.000
530023697,Paddys green B stn.Pump 3 fault,PUMP UNIT 3,PUMPING UNIT,Corrective Maintenance Order,696.76,,3.500,
530010365,19SWL05 Procure Spare Motor Pump Unit 1],PUMP UNIT NO 1,PUMPING UNIT,Corrective Maintenance Order,13610.34,,90.000,
530023304,CB P1- Investigate Priming Fault,PUMP UNIT NO 1,PUMPING UNIT,Corrective Maintenance Order,2526.37,,17.000,
530012086,INVESTIGATE PUMP TRIPPING FAULT,PUMP UNIT NO 1 (UPSTREAM),PUMPING UNIT,Corrective Maintenance Order,35354.86,,114.250,
530016336,check moss pump for electrical fault,PUMP UNIT NO 1 (UPSTREAM),PUMPING UNIT,Corrective Maintenance Order,9329.89,8674.32,32.500,34.000
510024562,BK-12M-ME-SVC-PSTNDB-2,PUMP UNIT NO 2,PUMPING UNIT,Preventative Maintenance Order,2283.49,2732.99,15.250,15.500
530022873,Inv/Rep Mill Relift Pump 2 Fault,PUMP UNIT NO 2,PUMPING UNIT,Corrective Maintenance Order,,705.28,,4.000
530021295,INVEST CAUSE P3 MECH FAILURE,PUMP UNIT NO 3,PUMPING UNIT,Corrective Maintenance Order,2938.20,3148.08,16.000,18.000
530022043,REPAIR DAPS P3 OOS,PUMP UNIT NO 3 (10 CUSEC),PUMPING UNIT,Corrective Maintenance Order,1498.73,1531.95,8.500,8.500
530022462,Call Out - CB P4 Scada Issues,PUMP UNIT NO 4,PUMPING UNIT,Corrective Maintenance Order,1313.89,,7.000,
530023211,Upper radial pad oil level low,PUMP UNIT NO 5,PUMPING UNIT,Corrective Maintenance Order,588.34,352.64,1.500,2.000
510023576,BK-12M-ME-SVC-PSTNMB PUMP1,PUMP UNIT NO. 1,PUMPING UNIT,Preventative Maintenance Order,5161.29,2997.47,33.000,17.000
510024013,BK-12M-ME-SVC-PSTNE-1,PUMP UNIT NO. 1,PUMPING UNIT,Preventative Maintenance Order,3075.75,1057.91,12.250,6.000
510023599,BK-3M-ME-INSP-PSTNH,PUMP UNIT NO. 1.,PUMPING UNIT,Preventative Maintenance Order,1628.01,2115.87,11.250,12.000
510025081,BK-12M-ME-SVC-PSTNH,PUMP UNIT NO. 1.,PUMPING UNIT,Preventative Maintenance Order,1279.36,1251.89,8.000,7.100
510025083,BK-3M-ME-INSP-PSTNH,PUMP UNIT NO. 1.,PUMPING UNIT,Preventative Maintenance Order,566.85,1586.89,4.500,9.000
510023577,BK-12M-ME-SVC-PSTNMB PUMP2,PUMP UNIT NO. 2,PUMPING UNIT,Preventative Maintenance Order,5290.49,2997.47,33.750,17.000
510024014,BK-12M-ME-SVC-PSTNE-2,PUMP UNIT NO. 2,PUMPING UNIT,Preventative Maintenance Order,3286.20,1057.91,13.250,6.000
510023578,BK-12M-ME-SVC-PSTNMB PUMP3,PUMP UNIT NO. 3,PUMPING UNIT,Preventative Maintenance Order,4065.10,2115.87,26.500,12.000
510024015,BK-12M-ME-SVC-PSTNE-3,PUMP UNIT NO. 3,PUMPING UNIT,Preventative Maintenance Order,8438.38,6163.91,13.750,6.000
530019344,Selma - Pump 1 Prestator faults,PUMP UNIT NO.1,PUMPING UNIT,Corrective Maintenance Order,12981.08,1506.45,11.250,8.500
510025836,EM-1000HR-ME-SVC MOTOR- UNIT #3,PUMP UNIT NO.3,PUMPING UNIT,Preventative Maintenance Order,,790.96,,4.000
510027198,EM-1000HR-ME-SVC MOTOR- UNIT #3,PUMP UNIT NO.3,PUMPING UNIT,Preventative Maintenance Order,158.19,790.96,1.000,4.000
510024118,KP-2M-PUMP STORAGE-PUMP 2,PUMP UNIT SPARES (WORKSHOP),PUMPING UNIT,Preventative Maintenance Order,,89.13,,0.500
510024119,KP-2M-PUMP STORAGE-PUMP 1,PUMP UNIT SPARES (WORKSHOP),PUMPING UNIT,Preventative Maintenance Order,,89.13,,0.500
510025153,KP-2M-PUMP STORAGE-PUMP 2,PUMP UNIT SPARES (WORKSHOP),PUMPING UNIT,Preventative Maintenance Order,,80.52,,0.500
510025154,KP-2M-PUMP STORAGE-PUMP 1,PUMP UNIT SPARES (WORKSHOP),PUMPING UNIT,Preventative Maintenance Order,,80.52,,0.500
530023630,UC Pressure Transmitter Modifications,PUMP UNIT TO RAW WATER TANK,PUMPS/PUMPING EQUIP,Corrective Maintenance Order,,5423.76,,20.000
510022510,NW-12M-ELHV-TST HV MTR-PSTNHL,PUMP UNITS,PUMPS/PUMPING EQUIP,Preventative Maintenance Order,16589.53,18473.75,13.500,26.000
510023619,BM-6M-ME-INSP-PSTNC(JUL),PUMP UNITS,PUMPS/PUMPING EQUIP,Preventative Maintenance Order,2583.41,2101.73,14.750,12.000
510024037,BM-6M-MECM-VA-PSTNBV(AUG),PUMP UNITS,PUMPS/PUMPING EQUIP,Preventative Maintenance Order,1215.00,1366.12,0.000,7.800
510024038,BM-6M-MECM-VA-PSTNH(AUG),PUMP UNITS,PUMPS/PUMPING EQUIP,Preventative Maintenance Order,1215.00,1366.12,0.000,7.800
510024039,BM-6M-MECM-VA-PSTNC(AUG),PUMP UNITS,PUMPS/PUMPING EQUIP,Preventative Maintenance Order,938.00,1366.12,0.000,7.800
510024040,BM-6M-ME-INSP-PSTNH(AUG),PUMP UNITS,PUMPS/PUMPING EQUIP,Preventative Maintenance Order,2101.73,2101.73,12.000,12.000
510025479,BM-6M-ME-INSP-PSTNBV(NOV),PUMP UNITS,PUMPS/PUMPING EQUIP,Preventative Maintenance Order,2802.30,2101.73,16.000,12.000
510025661,NW-6M-MECM-VA-PSTNHL,PUMP UNITS,PUMPS/PUMPING EQUIP,Preventative Maintenance Order,2825.72,3070.93,5.000,6.400
510025662,CC-6M-MECM-VA-PSTN,PUMP UNITS,PUMPS/PUMPING EQUIP,Preventative Maintenance Order,788.16,1926.59,4.500,11.000
530010378,20BMP03 - Refurbish - Submersible Pumps],PUMP UNITS,PUMPS/PUMPING EQUIP,Corrective Maintenance Order,85601.54,4400.00,0.000,0.000
530017590,Rmve rust from hv motor shafts  pstn2,PUMP UNITS,PUMPS/PUMPING EQUIP,Corrective Maintenance Order,,1399.14,,8.000
530017591,Rmve rust from hv motor shafts  pstn3,PUMP UNITS,PUMPS/PUMPING EQUIP,Corrective Maintenance Order,,1399.14,,8.000
530017592,Rmve rust from hv motor shafts  pstn4,PUMP UNITS,PUMPS/PUMPING EQUIP,Corrective Maintenance Order,,1399.14,,8.000
530020752,"RPLC FL SWTCHS  PUMPS 1,2&3",PUMP UNITS,PUMPS/PUMPING EQUIP,Corrective Maintenance Order,1956.00,3355.14,0.000,8.000
530023572,Replace both non-return valves at RWP,PUMP UNITS,PUMPS/PUMPING EQUIP,Corrective Maintenance Order,8104.59,3123.22,21.000,17.000
530016381,BK-18Y-LT-RPLC-VLVE NRTN-CLAR],PUMP UNITS (ALL),PUMPS/PUMPING EQUIP,Corrective Maintenance Order,56218.42,,24.000,
530022016,Mcillwraith pump 2,PUMP UNITS (ALL),PUMPING UNIT,Corrective Maintenance Order,562.57,,4.000,
530022949,Pensar meggering pump cables,PUMP UNITS (ALL),PUMPS/PUMPING EQUIP,Corrective Maintenance Order,,8314.62,,48.000
510023252,BM-12M-CI-INSP-PSTNGW(JUN),PUMP WELL,PUMP WELL,Preventative Maintenance Order,5911.98,10493.64,18.000,60.000
530006340,5243044|Y20 TRASH SCREEN CLEANS  STAGE #,PUMP WELL,PUMPS/PUMPING EQUIP,Corrective Maintenance Order,17385.95,869.49,13.000,5.000
530019791,HANDRAILS REQUIRED AROUND VALVE PIT,PUMP WELL,PUMP WELL,Corrective Maintenance Order,19035.82,6969.12,116.500,40.000
530020479,Inv/Rep Dalbeg A Pump Well Light Fault,PUMP WELL,PUMPS/PUMPING EQUIP,Corrective Maintenance Order,4272.50,354.47,0.000,2.000
530006511,5246023|FABRICATE AND INSTALL ACCESS PLA,PUMPS,PUMPS/PUMPING EQUIP,Corrective Maintenance Order,1863.65,1129.85,0.000,6.000
530017572,Extend Sump Pumps discharge pipework,PUMPS,PUMPS/PUMPING EQUIP,Corrective Maintenance Order,471.53,1131.59,2.500,6.000
530022527,REPLACE RECPARK UPLIFT PUMP,PUMPS,PUMPS/PUMPING EQUIP,Corrective Maintenance Order,1363.73,764.79,4.250,2.000
530015600,Install slab,PUMPWELL STRUCTURE,PUMP WELL,Corrective Maintenance Order,3591.01,,2.000,
510023558,BI-3M-ME-INSP-PSTNQP,QUART POT CREEK PUMP STATION,PUMP STATION..,Preventative Maintenance Order,1905.45,1732.23,11.000,10.000
510025046,BI-6M-EL-INSP-PSTNQP,QUART POT CREEK PUMP STATION,PUMP STATION..,Preventative Maintenance Order,1866.98,6615.95,17.000,32.000
510025047,BI-6M-EL-CAL FLO METR-PSTNQP,QUART POT CREEK PUMP STATION,PUMP STATION..,Preventative Maintenance Order,624.66,7409.43,7.000,34.000
510025048,BI-3M-ME-INSP-PSTNQP,QUART POT CREEK PUMP STATION,PUMP STATION..,Preventative Maintenance Order,1862.11,1732.23,10.750,10.000
530017886,F1 D/V passing,QUART POT CREEK PUMP STATION,PUMP STATION..,Corrective Maintenance Order,5583.29,1393.81,0.000,8.000
530020021,MECHANICAL ISOLATION REQUIRED,QUART POT CREEK PUMP STATION,PUMP STATION..,Corrective Maintenance Order,1299.17,1385.77,7.500,8.000
520022054,BK-3M-SFTY-AUDIT PSTN-PSTNR,REED BEDS PUMP STATION,PUMP STATION..,Operations Order,159.25,398.14,1.000,2.500
520023411,BK-3M-SFTY-AUDIT PSTN-PSTNR,REED BEDS PUMP STATION,PUMP STATION..,Operations Order,597.22,398.14,3.000,2.500
530023394,BUND OFF / DRAIN INSPECT REEDBEDS INTAKE,REED BEDS PUMP STATION,PUMP STATION..,Corrective Maintenance Order,6917.28,2240.00,24.500,0.000
510023332,EM-1M-ME-SVC-PSTNS,SELMA PUMP STATION,PUMP STATION..,Preventative Maintenance Order,750.00,1772.28,0.000,10.000
510023701,EM-12M-ME-INSP-PSTNS,SELMA PUMP STATION,PUMP STATION..,Preventative Maintenance Order,1839.01,2189.31,10.500,12.500
510023702,EM-1M-ME-SVC-PSTNS,SELMA PUMP STATION,PUMP STATION..,Preventative Maintenance Order,225.04,1751.45,0.000,10.000
510023704,EM-6M-EL-TST CMB-PSTNS,SELMA PUMP STATION,PUMP STATION..,Preventative Maintenance Order,1178.50,1322.05,1.750,6.000
510023707,EM-3M-CO-INSP LFT SLG-SEL,SELMA PUMP STATION,PUMP STATION..,Preventative Maintenance Order,,350.28,,2.000
510023708,EM-12M-EL-INSP-PSTNS,SELMA PUMP STATION,PUMP STATION..,Preventative Maintenance Order,41883.98,25791.91,46.750,12.000
510023711,EM-12M-EL-TST RCD-PSTN,SELMA PUMP STATION,PUMP STATION..,Preventative Maintenance Order,1444.95,1118.66,8.250,6.000
510024144,EM-12M-TCC RADIO & ANT INSP-SELMA,SELMA PUMP STATION,PUMP STATION..,Preventative Maintenance Order,569.23,3525.47,3.250,16.000
510024145,EM-12M-TCC MOSCAD & RTU INSP-SELMA,SELMA PUMP STATION,PUMP STATION..,Preventative Maintenance Order,744.38,3525.47,4.250,16.000
510024146,EM-6M-TCC CONT HOUSE INSP-SELMA,SELMA PUMP STATION,PUMP STATION..,Preventative Maintenance Order,744.38,2644.12,4.250,12.000
510024147,EM-1M-ME-SVC-PSTNS,SELMA PUMP STATION,PUMP STATION..,Preventative Maintenance Order,1980.00,1751.45,0.000,10.000
510024149,EM-12M-ELCM-THERMO-PSTNS,SELMA PUMP STATION,PUMP STATION..,Preventative Maintenance Order,1902.40,3163.90,0.000,16.000
510024704,EM-1M-ME-SVC-PSTNS,SELMA PUMP STATION,PUMP STATION..,Preventative Maintenance Order,750.00,1751.45,0.000,10.000
510025181,EM-1M-ME-SVC-PSTNS,SELMA PUMP STATION,PUMP STATION..,Preventative Maintenance Order,750.00,1751.45,0.000,10.000
510025183,EM-6M-CO-INSP FEX-EME,SELMA PUMP STATION,PUMP STATION..,Preventative Maintenance Order,70.00,906.17,0.000,4.000
510025359,EM-12M-CO-INSP LFT EQ-SEL,SELMA PUMP STATION,PUMP STATION..,Preventative Maintenance Order,,350.28,,2.000
510025569,EM-1M-ME-SVC-PSTNS,SELMA PUMP STATION,PUMP STATION..,Preventative Maintenance Order,750.00,1751.45,0.000,10.000
520022661,EM-3M-SFTY-AUDIT PSTN-SEL,SELMA PUMP STATION,PUMP STATION..,Operations Order,350.28,700.57,2.000,4.000
530018046,Selma winch covers,SELMA PUMP STATION,PUMP STATION..,Corrective Maintenance Order,8085.76,354.47,0.500,2.000
530020892,Selma Pump Station - Clean-up,SELMA PUMP STATION,PUMP STATION..,Corrective Maintenance Order,8817.60,3012.89,0.000,17.000
530023046,Selma PSTN - Start-up Sign and Siren,SELMA PUMP STATION,PUMP STATION..,Corrective Maintenance Order,930.00,2101.73,0.000,12.000
510023012,SW-3Y-CI-INSP-PSTN,STANWELL PUMP STATION,PUMP STATION..,Preventative Maintenance Order,525.43,1574.04,3.000,10.000
510023015,SW-12M-ELHV-TST HV MTR-PSTN,STANWELL PUMP STATION,PUMP STATION..,Preventative Maintenance Order,,4197.45,,24.000
510023407,SW-3M-CO-INSP CRNE-PSTN,STANWELL PUMP STATION,PUMP STATION..,Preventative Maintenance Order,1112.28,1399.14,2.000,8.000
510023410,SW-3M-CO-INSP LFT SLG-PSTN,STANWELL PUMP STATION,PUMP STATION..,Preventative Maintenance Order,435.65,349.80,1.000,2.000
510023836,SW-12M-EL-CAL INST-PSTN & PPL,STANWELL PUMP STATION,PUMP STATION..,Preventative Maintenance Order,2480.00,3954.86,0.000,20.000
510023841,SW-3M-MECM-VA-PSTN,STANWELL PUMP STATION,PUMP STATION..,Preventative Maintenance Order,,525.43,,3.000
510023843,SW-1M-OP-INSP-PSTN,STANWELL PUMP STATION,PUMP STATION..,Preventative Maintenance Order,5000.08,21017.25,30.000,120.000
510024363,SW-3M-ME-INSP-PSTN,STANWELL PUMP STATION,PUMP STATION..,Preventative Maintenance Order,1007.08,2627.16,5.750,15.000
510024364,SW-6M-CO-INSP FEX-PSTN,STANWELL PUMP STATION,PUMP STATION..,Preventative Maintenance Order,878.58,495.97,2.000,2.000
510024366,SW-3M-EL-TST WELD,STANWELL PUMP STATION,PUMP STATION..,Preventative Maintenance Order,,175.15,,1.000
510024370,SW-1M-OP-INSP-PSTN,STANWELL PUMP STATION,PUMP STATION..,Preventative Maintenance Order,5867.32,5254.32,33.500,30.000
510024849,SW-3M-CO-INSP CRNE-PSTN,STANWELL PUMP STATION,PUMP STATION..,Preventative Maintenance Order,590.68,1401.15,0.000,8.000
510024851,SW-12M-OP-INSP FIRE RISK-PSTN,STANWELL PUMP STATION,PUMP STATION..,Preventative Maintenance Order,175.15,350.28,1.000,2.000
510024853,SW-3M-CO-INSP LFT SLG-PSTN,STANWELL PUMP STATION,PUMP STATION..,Preventative Maintenance Order,262.50,350.28,0.000,2.000
510024855,SW-1M-OP-INSP-PSTN,STANWELL PUMP STATION,PUMP STATION..,Preventative Maintenance Order,788.16,5254.32,4.500,30.000
510025322,SW-1M-OP-INSP-PSTN,STANWELL PUMP STATION,PUMP STATION..,Preventative Maintenance Order,3065.03,5254.32,17.500,30.000
510025734,SW-6M-EL-TST CMB-PSTN,STANWELL PUMP STATION,PUMP STATION..,Preventative Maintenance Order,1857.75,3525.47,0.000,16.000
510025735,SW-12M-EL-TST RCD-PSTN,STANWELL PUMP STATION,PUMP STATION..,Preventative Maintenance Order,1857.75,3525.47,0.000,16.000
510025740,SW-1M-OP-INSP-PSTN,STANWELL PUMP STATION,PUMP STATION..,Preventative Maintenance Order,,5254.32,,30.000
520023245,SW-3M-SFTY-AUDIT PSTN-PSTN,STANWELL PUMP STATION,PUMP STATION..,Operations Order,158.19,316.40,1.000,2.000
510023510,BI-3M-ME-INSP-PSTNTI,TIRROAN PUMP STATION,PUMP STATION..,Preventative Maintenance Order,1055.95,1385.77,8.500,8.000
510023523,BI-12M-EL-INSP-PSTNTI,TIRROAN PUMP STATION,PUMP STATION..,Preventative Maintenance Order,1653.12,5557.06,12.500,25.500
510023531,BI-12M-EL-CAL INST-PSTNTI,TIRROAN PUMP STATION,PUMP STATION..,Preventative Maintenance Order,534.57,3704.69,4.500,17.000
510025011,BI-12M-ME-INSP-PSTNTI,TIRROAN PUMP STATION,PUMP STATION..,Preventative Maintenance Order,606.28,2078.67,3.500,12.000
510023569,BK-1M-ME-INSP-HAUG PSTN2_3,TOM FENWICK PUMP STATION 2/3  (HAUGHTON),PUMP STATION..,Preventative Maintenance Order,1030.78,1586.89,8.250,9.000
510023973,BK-1M-ME-INSP-HAUG PSTN2_3,TOM FENWICK PUMP STATION 2/3  (HAUGHTON),PUMP STATION..,Preventative Maintenance Order,1838.18,1586.89,12.000,9.000
510024535,BK-1M-ME-INSP-HAUG PSTN2_3,TOM FENWICK PUMP STATION 2/3  (HAUGHTON),PUMP STATION..,Preventative Maintenance Order,1007.49,1410.57,7.500,8.000
510025053,BK-1M-ME-INSP-HAUG PSTN2_3,TOM FENWICK PUMP STATION 2/3  (HAUGHTON),PUMP STATION..,Preventative Maintenance Order,793.46,2468.50,4.500,14.000
510025438,BK-1M-ME-INSP-HAUG PSTN2_3,TOM FENWICK PUMP STATION 2/3  (HAUGHTON),PUMP STATION..,Preventative Maintenance Order,1708.58,2468.50,11.000,14.000
510025458,BK-12M-EL-SVC-HAUG PSTN2_3,TOM FENWICK PUMP STATION 2/3  (HAUGHTON),PUMP STATION..,Preventative Maintenance Order,6479.52,4231.71,29.250,24.000
510025932,BK-1M-ME-INSP-HAUG PSTN2_3,TOM FENWICK PUMP STATION 2/3  (HAUGHTON),PUMP STATION..,Preventative Maintenance Order,575.95,3702.75,11.500,21.000
510023570,BK-1M-ME-INSP-HAUG PSTN4_5,TOM FENWICK PUMP STATION 4/5  (HAUGHTON),PUMP STATION..,Preventative Maintenance Order,1118.93,1410.57,8.750,8.000
510023974,BK-1M-ME-INSP-HAUG PSTN4_5,TOM FENWICK PUMP STATION 4/5  (HAUGHTON),PUMP STATION..,Preventative Maintenance Order,1240.48,1586.89,9.000,9.000
510024536,BK-1M-ME-INSP-HAUG PSTN4_5,TOM FENWICK PUMP STATION 4/5  (HAUGHTON),PUMP STATION..,Preventative Maintenance Order,1057.33,1586.89,7.500,9.000
510025054,BK-1M-ME-INSP-HAUG PSTN4_5,TOM FENWICK PUMP STATION 4/5  (HAUGHTON),PUMP STATION..,Preventative Maintenance Order,705.28,2468.50,4.000,14.000
510025439,BK-1M-ME-INSP-HAUG PSTN4_5,TOM FENWICK PUMP STATION 4/5  (HAUGHTON),PUMP STATION..,Preventative Maintenance Order,1513.13,2468.50,9.750,14.000
510025459,BK-12M-EL-SVC-HAUG PSTN4_5,TOM FENWICK PUMP STATION 4/5  (HAUGHTON),PUMP STATION..,Preventative Maintenance Order,6479.52,2997.47,29.250,17.000
510025933,BK-1M-ME-INSP-HAUG PSTN4_5,TOM FENWICK PUMP STATION 4/5  (HAUGHTON),PUMP STATION..,Preventative Maintenance Order,575.95,3702.75,11.500,21.000
530022239,HPS4-5 Rectify Spill Kits,TOM FENWICK PUMP STATION 4/5  (HAUGHTON),PUMP STATION..,Corrective Maintenance Order,1234.25,934.96,7.000,0.000
510023568,BK-1M-ME-INSP-HAUG PSTN1,TOM FENWICK PUMP STATION NO 1 (HAUGHTON),PUMP STATION..,Preventative Maintenance Order,1493.98,1939.55,9.500,11.000
510023580,BK-1M-AN-TST EMG SHW & EYE-HAUG,TOM FENWICK PUMP STATION NO 1 (HAUGHTON),PUMP STATION..,Preventative Maintenance Order,358.31,887.31,2.250,4.000
510023972,BK-1M-ME-INSP-HAUG PSTN1,TOM FENWICK PUMP STATION NO 1 (HAUGHTON),PUMP STATION..,Preventative Maintenance Order,515.76,793.46,4.500,4.500
510023981,BK-1M-AN-TST EMG SHW & EYE-HAUG,TOM FENWICK PUMP STATION NO 1 (HAUGHTON),PUMP STATION..,Preventative Maintenance Order,358.31,,2.250,
510023988,BK-6M-EL-TST&TAG-PSTNTF1,TOM FENWICK PUMP STATION NO 1 (HAUGHTON),PUMP STATION..,Preventative Maintenance Order,510.00,7098.37,0.000,32.000
510024534,BK-1M-ME-INSP-HAUG PSTN1,TOM FENWICK PUMP STATION NO 1 (HAUGHTON),PUMP STATION..,Preventative Maintenance Order,1094.92,2380.34,5.500,13.500
510024543,BK-1M-AN-TST EMG SHW & EYE-HAUG,TOM FENWICK PUMP STATION NO 1 (HAUGHTON),PUMP STATION..,Preventative Maintenance Order,,881.61,,5.000
510025052,BK-1M-ME-INSP-HAUG PSTN1,TOM FENWICK PUMP STATION NO 1 (HAUGHTON),PUMP STATION..,Preventative Maintenance Order,1221.32,1410.57,8.750,8.000
510025061,BK-1M-AN-TST EMG SHW & EYE-HAUG,TOM FENWICK PUMP STATION NO 1 (HAUGHTON),PUMP STATION..,Preventative Maintenance Order,398.14,881.61,2.000,5.000
510025437,BK-1M-ME-INSP-HAUG PSTN1,TOM FENWICK PUMP STATION NO 1 (HAUGHTON),PUMP STATION..,Preventative Maintenance Order,1168.82,1234.25,8.750,7.000
510025457,BK-12M-EL-SVC-HAUG PSTN1,TOM FENWICK PUMP STATION NO 1 (HAUGHTON),PUMP STATION..,Preventative Maintenance Order,7952.75,4231.71,21.000,24.000
510025931,BK-1M-ME-INSP-HAUG PSTN1,TOM FENWICK PUMP STATION NO 1 (HAUGHTON),PUMP STATION..,Preventative Maintenance Order,1087.00,3702.75,16.500,21.000
520022049,BK-3M-SFTY-AUDIT PSTN-HAUG,TOM FENWICK PUMP STATION NO 1 (HAUGHTON),PUMP STATION..,Operations Order,199.08,159.25,1.000,1.000
520023406,BK-3M-SFTY-AUDIT PSTN-HAUG,TOM FENWICK PUMP STATION NO 1 (HAUGHTON),PUMP STATION..,Operations Order,,159.25,,1.000
530022733,TFPS PUMP 1 TRIPPED OUT CALLOUT,TOM FENWICK PUMP STATION NO 1 (HAUGHTON),PUMP STATION..,Corrective Maintenance Order,447.94,352.64,2.250,2.000
530023634,TFPS BELTS CRACKED ON WELL EX FAN,TOM FENWICK PUMP STATION NO 1 (HAUGHTON),PUMP STATION..,Corrective Maintenance Order,691.00,528.96,10.500,3.000
530023797,TFPS PU 1/2 VIBRATION FAULT,TOM FENWICK PUMP STATION NO 1 (HAUGHTON),PUMP STATION..,Corrective Maintenance Order,1642.36,1410.57,8.250,8.000
510024564,BK-3M-ELCM-VA-PSTNTF,TOM FENWICK PUMP STATIONS (ALL),PUMP STATION HEADER,Preventative Maintenance Order,,443.64,,2.000
530018519,REPAIR HPS RCD FAILS,TOM FENWICK PUMP STATIONS (ALL),PUMP STATION HEADER,Corrective Maintenance Order,16562.19,1506.45,4.250,8.500
530022096,TFPS REPLACE EMERGENCY LIGHTS IN MCC'S,TOM FENWICK PUMP STATIONS (ALL),PUMP STATION HEADER,Corrective Maintenance Order,1164.01,,0.000,
530023479,TFPS INSTALL SOFT STARTER ON VENT FAN,TOM FENWICK PUMP STATIONS (ALL),PUMP STATION HEADER,Corrective Maintenance Order,3328.40,2333.68,0.000,4.000
530023058,HPS POWER FAILURE ERGON ISSUES,TOM FENWICK TEMP PUMP STATION (HAUGHTON),PUMP STATION..,Corrective Maintenance Order,2856.87,352.64,15.500,2.000
530021929,MB Vac Prime - Syphon Break Diaphragms,VACUUM PRIMING SYSTEM,PUMPS/PUMPING EQUIP,Corrective Maintenance Order,1644.55,2997.47,12.000,17.000
510024195,LO-3M-ME-INSP-PSTNWP,WALKER POINT PUMP STATION,PUMP STATION..,Preventative Maintenance Order,1068.66,2944.77,4.250,17.000
510025615,LO-3M-ME-INSP-PSTNWP,WALKER POINT PUMP STATION,PUMP STATION..,Preventative Maintenance Order,1039.31,2944.77,6.000,17.000
510025620,LO-6M-EL-INSP-PSTNWP,WALKER POINT PUMP STATION,PUMP STATION..,Preventative Maintenance Order,519.66,5889.54,3.000,34.000
510023146,BI-12M-EL-INSP-PSTNWS,WALKER STREET PUMP STATION,PUMP STATION..,Preventative Maintenance Order,3334.63,5668.16,19.750,25.500
510023147,BI-12M-EL-CAL INST-PSTNWS,WALKER STREET PUMP STATION,PUMP STATION..,Preventative Maintenance Order,838.37,2222.81,5.750,10.000
510024503,BI-3M-ME-INSP-PSTNWS,WALKER STREET PUMP STATION,PUMP STATION..,Preventative Maintenance Order,1592.27,1385.77,14.000,8.000
530023088,BD Investigate & rectify Pump WTP HL noi,WATER SUPPLY PUMP UNIT NO.2,PUMPING UNIT,Corrective Maintenance Order,1140.85,734.87,5.500,4.000
510022008,WP-6M-EL-TST&TAG,WOLEEBEE CREEK PUMP STATION,PUMP STATION..,Preventative Maintenance Order,1370.78,1590.18,0.000,1.000
510022405,WP-6M-MECM-LU-PSTN,WOLEEBEE CREEK PUMP STATION,PUMP STATION..,Preventative Maintenance Order,470.67,534.67,3.000,3.000
510022407,WP-6M-ME-INSP-PSTN-3,WOLEEBEE CREEK PUMP STATION,PUMP STATION..,Preventative Maintenance Order,941.37,1067.37,6.000,6.000
510023306,WP-1M-OP-INSP-PSTN,WOLEEBEE CREEK PUMP STATION,PUMP STATION..,Preventative Maintenance Order,1183.77,941.37,6.000,6.000
510023663,WP-1M-OP-INSP-PSTN,WOLEEBEE CREEK PUMP STATION,PUMP STATION..,Preventative Maintenance Order,1525.70,712.97,4.000,4.000
510024109,WP-6M-ME-INSP-PSTN,WOLEEBEE CREEK PUMP STATION,PUMP STATION..,Preventative Maintenance Order,712.97,267.39,4.000,1.500
510024110,WP-1M-OP-INSP-PSTN,WOLEEBEE CREEK PUMP STATION,PUMP STATION..,Preventative Maintenance Order,908.12,712.97,4.000,4.000
510024637,WP-6M-EL-TST&TAG,WOLEEBEE CREEK PUMP STATION,PUMP STATION..,Preventative Maintenance Order,1370.78,225.24,0.000,1.000
510024639,WP-12M-ME-SVC PCOUP-PSTN,WOLEEBEE CREEK PUMP STATION,PUMP STATION..,Preventative Maintenance Order,2032.60,1782.45,10.000,10.000
510024640,WP-1M-OP-INSP-PSTN,WOLEEBEE CREEK PUMP STATION,PUMP STATION..,Preventative Maintenance Order,418.03,1425.95,2.000,8.000
510024643,WP-12M-OP-INSP FIRE RISK-PSTN,WOLEEBEE CREEK PUMP STATION,PUMP STATION..,Preventative Maintenance Order,356.48,356.48,2.000,2.000
510025145,WP-12M-MECM-LU-PSTN,WOLEEBEE CREEK PUMP STATION,PUMP STATION..,Preventative Maintenance Order,356.48,356.48,2.000,2.000
510025146,WP-1M-OP-INSP-PSTN,WOLEEBEE CREEK PUMP STATION,PUMP STATION..,Preventative Maintenance Order,1676.10,1425.95,8.000,8.000
510025147,WP-12M-ME-SCVE LOS HEX-PSTN,WOLEEBEE CREEK PUMP STATION,PUMP STATION..,Preventative Maintenance Order,1762.65,1425.95,8.000,8.000
510025148,WP-6M-ME-INSP-PSTN-3,WOLEEBEE CREEK PUMP STATION,PUMP STATION..,Preventative Maintenance Order,1069.44,1069.44,6.000,6.000
510025540,WP-1M-OP-INSP-PSTN,WOLEEBEE CREEK PUMP STATION,PUMP STATION..,Preventative Maintenance Order,1627.47,1425.95,8.500,8.000
520022153,WP-3M-SFTY-AUDIT PSTN-PSTN,WOLEEBEE CREEK PUMP STATION,PUMP STATION..,Operations Order,89.13,356.48,0.500,2.000
520023446,WP-3M-SFTY-AUDIT PSTN-PSTN,WOLEEBEE CREEK PUMP STATION,PUMP STATION..,Operations Order,267.39,322.00,1.500,2.000
510022633,AC-6M-EL-SVC-PSTNW,WOODERSON PUMP STATION,PUMP STATION..,Preventative Maintenance Order,1926.59,6902.49,11.000,32.000
510024476,AC-12M-OP-INSP FIRE RISK-PSTNW,WOODERSON PUMP STATION,PUMP STATION..,Preventative Maintenance Order,175.15,350.28,1.000,2.000
520021543,AC-3M-SFTY-AUDIT PSTN-PSTNW,WOODERSON PUMP STATION,PUMP STATION..,Operations Order,158.19,2518.48,1.000,16.000
520022890,AC-3M-SFTY-AUDIT PSTN-PSTNW,WOODERSON PUMP STATION,PUMP STATION..,Operations Order,175.15,2531.11,1.000,16.000
530015806,Remove scrap metal,WOODERSON PUMP STATION,PUMP STATION..,Corrective Maintenance Order,23529.07,4425.00,0.000,0.000
510023144,BI-12M-EL-INSP-PSTNWO,WOONGARRA PUMP STATION,PUMP STATION..,Preventative Maintenance Order,10138.50,22672.69,50.500,102.000
510023145,BI-12M-EL-CAL INST-PSTNWO,WOONGARRA PUMP STATION,PUMP STATION..,Preventative Maintenance Order,3003.46,7557.58,13.500,34.000
510024521,BI-12M-ME-INSP-PSTNWO,WOONGARRA PUMP STATION,PUMP STATION..,Preventative Maintenance Order,3200.24,,23.000,
510022206,UC-12M-ELCM-THERMO-PSTNY,YARRAMALONG PUMP STATION,PUMP STATION..,Preventative Maintenance Order,1814.92,2125.30,2.500,12.000
510024410,UC-6M-CO-INSP FEX-YAR,YARRAMALONG PUMP STATION,PUMP STATION..,Preventative Maintenance Order,186.73,1518.66,1.000,8.000
510024415,UC-12M-ME-INSP-PSTNY,YARRAMALONG PUMP STATION,PUMP STATION..,Preventative Maintenance Order,379.64,12149.22,2.250,64.000
510025784,UC-3M-OP-INSP-PSTNY,YARRAMALONG PUMP STATION,PUMP STATION..,Preventative Maintenance Order,337.49,1066.68,2.000,6.000
520022519,UC-3M-SFTY-AUDIT PSTN-UCNB,YARRAMALONG PUMP STATION,PUMP STATION..,Operations Order,253.13,759.33,1.500,4.000
520023593,UC-3M-SFTY-AUDIT PSTN-UCNB,YARRAMALONG PUMP STATION,PUMP STATION..,Operations Order,421.84,1518.66,2.000,8.000
